id,date,station_number,level(m)
179217,2023-12-22,jb009,
179210,2023-12-21,jb009,2.44
179203,2023-12-20,jb009,2.48
179196,2023-12-19,jb009,2.5
179189,2023-12-18,jb009,2.48
179182,2023-12-17,jb009,2.5
179175,2023-12-16,jb009,2.5
179168,2023-12-15,jb009,2.54
179161,2023-12-14,jb009,2.56
179154,2023-12-13,jb009,2.65
179147,2023-12-12,jb009,2.48
179140,2023-12-11,jb009,2.52
179133,2023-12-10,jb009,2.54
179126,2023-12-09,jb009,2.58
179119,2023-12-08,jb009,2.6
179112,2023-12-07,jb009,2.66
179105,2023-12-06,jb009,2.92
179098,2023-12-05,jb009,2.98
179091,2023-12-04,jb009,3.34
179084,2023-12-03,jb009,3.3
179077,2023-12-02,jb009,3.36
179070,2023-12-01,jb009,3.4
179063,2023-11-30,jb009,3.88
179056,2023-11-29,jb009,4.0
179049,2023-11-28,jb009,4.7
179042,2023-11-27,jb009,5.3
179035,2023-11-26,jb009,5.62
179028,2023-11-25,jb009,6.0
179021,2023-11-24,jb009,6.0
179014,2023-11-23,jb009,6.0
179007,2023-11-22,jb009,6.0
179000,2023-11-21,jb009,6.0
178993,2023-11-20,jb009,6.0
178986,2023-11-19,jb009,5.9
178979,2023-11-18,jb009,5.46
178972,2023-11-17,jb009,6.0
178965,2023-11-16,jb009,6.0
178958,2023-11-15,jb009,6.0
178951,2023-11-14,jb009,6.0
178944,2023-11-13,jb009,6.0
178937,2023-11-12,jb009,6.0
178930,2023-11-11,jb009,6.0
178923,2023-11-10,jb009,6.0
178916,2023-11-09,jb009,6.0
178909,2023-11-08,jb009,6.0
178902,2023-11-07,jb009,6.0
178895,2023-11-06,jb009,6.0
178888,2023-11-05,jb009,6.0
178881,2023-11-04,jb009,6.0
178874,2023-11-03,jb009,6.0
178867,2023-11-02,jb009,5.92
178860,2023-11-01,jb009,5.8
178853,2023-10-31,jb009,5.52
178846,2023-10-30,jb009,5.4
178839,2023-10-29,jb009,5.46
178832,2023-10-28,jb009,5.48
178825,2023-10-27,jb009,5.08
178818,2023-10-26,jb009,3.66
178811,2023-10-25,jb009,3.78
178804,2023-10-24,jb009,4.4
178797,2023-10-23,jb009,4.36
178790,2023-10-22,jb009,4.56
178783,2023-10-21,jb009,4.48
178776,2023-10-20,jb009,4.72
178769,2023-10-19,jb009,4.26
178762,2023-10-18,jb009,3.86
178755,2023-10-17,jb009,4.04
178748,2023-10-16,jb009,3.48
178741,2023-10-15,jb009,3.94
178734,2023-10-14,jb009,4.06
178727,2023-10-13,jb009,3.98
178720,2023-10-12,jb009,3.96
178713,2023-10-11,jb009,3.94
178706,2023-10-10,jb009,3.96
178699,2023-10-09,jb009,3.74
178692,2023-10-08,jb009,3.7
178685,2023-10-07,jb009,3.64
178678,2023-10-06,jb009,3.56
178671,2023-10-05,jb009,3.52
178664,2023-10-04,jb009,3.48
178657,2023-10-03,jb009,3.44
178650,2023-10-02,jb009,3.42
178643,2023-10-01,jb009,3.38
178636,2023-09-30,jb009,3.34
178629,2023-09-29,jb009,3.12
178622,2023-09-28,jb009,3.08
178615,2023-09-27,jb009,2.9
178608,2023-09-26,jb009,2.88
178601,2023-09-25,jb009,2.8
178594,2023-09-24,jb009,2.78
178587,2023-09-23,jb009,2.74
178580,2023-09-22,jb009,2.58
178573,2023-09-21,jb009,2.6
178566,2023-09-20,jb009,2.62
178559,2023-09-19,jb009,2.62
178552,2023-09-18,jb009,2.66
178545,2023-09-17,jb009,2.68
178538,2023-09-16,jb009,2.7
178531,2023-09-15,jb009,2.72
178524,2023-09-14,jb009,2.7
178517,2023-09-13,jb009,2.74
178510,2023-09-12,jb009,2.36
178503,2023-09-11,jb009,2.38
178496,2023-09-10,jb009,2.42
178489,2023-09-09,jb009,2.44
178482,2023-09-08,jb009,2.48
178475,2023-09-07,jb009,2.52
178468,2023-09-06,jb009,2.54
178461,2023-09-05,jb009,2.58
178454,2023-09-04,jb009,2.62
178447,2023-09-03,jb009,2.64
178440,2023-09-02,jb009,2.68
178433,2023-09-01,jb009,2.7
178426,2023-08-31,jb009,2.74
178419,2023-08-30,jb009,2.76
178412,2023-08-29,jb009,2.8
178405,2023-08-28,jb009,2.84
178398,2023-08-27,jb009,2.86
178391,2023-08-26,jb009,2.88
178384,2023-08-25,jb009,2.9
178377,2023-08-24,jb009,2.94
178370,2023-08-23,jb009,2.98
178363,2023-08-22,jb009,3.0
178356,2023-08-21,jb009,3.02
178349,2023-08-20,jb009,3.08
178342,2023-08-19,jb009,3.16
178335,2023-08-18,jb009,3.18
178328,2023-08-17,jb009,3.2
178321,2023-08-16,jb009,3.24
178314,2023-08-15,jb009,3.2
178307,2023-08-14,jb009,3.2
178300,2023-08-13,jb009,3.24
178293,2023-08-12,jb009,2.96
178286,2023-08-11,jb009,2.88
178279,2023-08-10,jb009,2.86
178272,2023-08-09,jb009,2.82
178265,2023-08-08,jb009,2.84
178258,2023-08-07,jb009,2.8
178251,2023-08-06,jb009,2.86
178244,2023-08-05,jb009,2.8
178237,2023-08-04,jb009,2.78
178230,2023-08-03,jb009,2.76
178223,2023-08-02,jb009,2.72
178216,2023-08-01,jb009,2.74
178209,2023-07-31,jb009,2.7
178202,2023-07-30,jb009,2.66
178195,2023-07-29,jb009,2.68
178188,2023-07-28,jb009,2.7
178181,2023-07-27,jb009,2.68
178174,2023-07-26,jb009,2.64
178167,2023-07-25,jb009,2.66
178160,2023-07-24,jb009,2.66
178153,2023-07-23,jb009,2.68
178146,2023-07-22,jb009,2.7
178139,2023-07-21,jb009,2.68
178132,2023-07-20,jb009,2.68
178125,2023-07-19,jb009,2.7
178118,2023-07-18,jb009,2.72
178111,2023-07-17,jb009,2.8
178104,2023-07-16,jb009,2.78
178097,2023-07-15,jb009,2.7
178090,2023-07-14,jb009,2.72
178083,2023-07-13,jb009,2.74
178076,2023-07-12,jb009,2.7
178069,2023-07-11,jb009,2.72
178062,2023-07-10,jb009,2.74
178055,2023-07-09,jb009,2.78
178048,2023-07-08,jb009,2.46
178041,2023-07-07,jb009,2.12
178034,2023-07-06,jb009,2.12
178027,2023-07-05,jb009,2.14
178020,2023-07-04,jb009,2.14
178013,2023-07-03,jb009,2.16
178006,2023-07-02,jb009,2.18
177999,2023-07-01,jb009,2.18
177992,2023-06-30,jb009,2.2
177985,2023-06-29,jb009,2.22
177978,2023-06-28,jb009,2.22
177971,2023-06-27,jb009,2.24
177964,2023-06-26,jb009,2.26
177957,2023-06-25,jb009,2.28
177950,2023-06-24,jb009,2.3
177943,2023-06-23,jb009,2.34
177936,2023-06-22,jb009,2.36
177929,2023-06-21,jb009,2.38
177922,2023-06-20,jb009,2.42
177915,2023-06-19,jb009,2.46
177908,2023-06-18,jb009,2.48
177901,2023-06-17,jb009,2.5
177894,2023-06-16,jb009,2.56
177887,2023-06-15,jb009,2.6
177880,2023-06-14,jb009,2.68
177873,2023-06-13,jb009,2.8
177866,2023-06-12,jb009,2.88
177859,2023-06-11,jb009,2.94
177852,2023-06-10,jb009,2.98
177845,2023-06-09,jb009,3.1
177838,2023-06-08,jb009,3.16
177831,2023-06-07,jb009,3.2
177824,2023-06-06,jb009,3.26
177817,2023-06-05,jb009,3.3
177810,2023-06-04,jb009,3.36
177803,2023-06-03,jb009,3.4
177796,2023-06-02,jb009,3.68
177789,2023-06-01,jb009,4.28
177782,2023-05-31,jb009,4.8
177775,2023-05-30,jb009,4.02
177768,2023-05-29,jb009,2.88
177761,2023-05-28,jb009,2.94
177754,2023-05-27,jb009,2.98
177747,2023-05-26,jb009,3.0
177740,2023-05-25,jb009,3.02
177733,2023-05-24,jb009,3.08
177726,2023-05-23,jb009,3.0
177719,2023-05-22,jb009,3.06
177712,2023-05-21,jb009,3.1
177705,2023-05-20,jb009,3.28
177698,2023-05-19,jb009,3.34
177691,2023-05-18,jb009,3.42
177677,2023-05-17,jb009,3.36
177685,2023-05-16,jb009,3.4
175940,2023-05-15,jb009,3.44
175933,2023-05-14,jb009,3.68
175926,2023-05-13,jb009,4.0
175919,2023-05-12,jb009,4.06
175912,2023-05-11,jb009,3.86
175905,2023-05-10,jb009,3.88
175898,2023-05-09,jb009,4.2
175891,2023-05-08,jb009,4.42
175884,2023-05-07,jb009,4.86
175877,2023-05-06,jb009,4.68
175870,2023-05-05,jb009,4.94
175863,2023-05-04,jb009,5.04
175856,2023-05-03,jb009,5.02
175849,2023-05-02,jb009,4.9
175842,2023-05-01,jb009,4.58
175835,2023-04-30,jb009,4.26
175828,2023-04-29,jb009,4.32
175821,2023-04-28,jb009,4.48
175814,2023-04-27,jb009,4.02
175807,2023-04-26,jb009,4.08
175800,2023-04-25,jb009,4.22
175793,2023-04-24,jb009,4.48
175786,2023-04-23,jb009,4.3
175779,2023-04-22,jb009,4.1
175772,2023-04-21,jb009,4.1
175765,2023-04-20,jb009,4.06
175758,2023-04-19,jb009,3.86
175751,2023-04-18,jb009,3.66
175744,2023-04-17,jb009,3.98
175737,2023-04-16,jb009,3.78
175730,2023-04-15,jb009,3.4
175723,2023-04-14,jb009,3.8
175716,2023-04-13,jb009,3.62
175709,2023-04-12,jb009,3.9
175702,2023-04-11,jb009,3.96
175695,2023-04-10,jb009,4.08
175688,2023-04-09,jb009,4.0
175681,2023-04-08,jb009,4.08
175674,2023-04-07,jb009,4.0
175667,2023-04-06,jb009,4.08
175660,2023-04-05,jb009,3.62
175653,2023-04-04,jb009,3.4
175646,2023-04-03,jb009,3.44
175639,2023-04-02,jb009,4.1
175632,2023-04-01,jb009,4.16
175625,2023-03-31,jb009,4.0
175611,2023-03-30,jb009,4.08
175604,2023-03-29,jb009,4.16
175527,2023-03-28,jb009,4.28
175464,2023-03-27,jb009,4.82
174785,2023-03-26,jb009,4.5
174792,2023-03-25,jb009,5.3
174800,2023-03-24,jb009,5.1
174806,2023-03-23,jb009,3.8
174813,2023-03-22,jb009,4.0
174820,2023-03-21,jb009,4.1
174833,2023-03-20,jb009,4.7
174840,2023-03-19,jb009,4.9
174841,2023-03-18,jb009,1.9
174853,2023-03-17,jb009,1.9
174858,2023-03-16,jb009,1.9
174863,2023-03-15,jb009,1.9
174869,2023-03-14,jb009,1.9
174876,2023-03-13,jb009,1.9
174886,2023-03-12,jb009,1.9
174890,2023-03-11,jb009,1.9
174900,2023-03-10,jb009,1.8
174904,2023-03-09,jb009,1.7
174912,2023-03-08,jb009,1.7
174919,2023-03-07,jb009,1.8
174931,2023-03-06,jb009,1.9
174934,2023-03-05,jb009,2.0
174943,2023-03-04,jb009,1.9
174952,2023-03-03,jb009,2.0
174959,2023-03-02,jb009,1.9
174968,2023-03-01,jb009,1.9
174976,2023-02-28,jb009,1.9
174984,2023-02-27,jb009,1.9
174988,2023-02-26,jb009,1.8
174999,2023-02-25,jb009,1.9
175003,2023-02-24,jb009,1.9
175012,2023-02-23,jb009,1.9
175017,2023-02-22,jb009,1.9
175028,2023-02-21,jb009,1.9
175034,2023-02-20,jb009,1.8
175038,2023-02-19,jb009,1.8
175048,2023-02-18,jb009,1.7
175049,2023-02-17,jb009,1.8
175058,2023-02-16,jb009,1.9
175061,2023-02-15,jb009,1.9
175070,2023-02-14,jb009,1.9
175074,2023-02-13,jb009,2.0
175080,2023-02-12,jb009,1.9
175091,2023-02-11,jb009,1.8
175098,2023-02-10,jb009,2.0
175103,2023-02-09,jb009,2.0
175112,2023-02-08,jb009,1.9
175119,2023-02-07,jb009,1.8
175126,2023-02-06,jb009,1.8
175131,2023-02-05,jb009,1.7
175136,2023-02-04,jb009,1.8
175147,2023-02-03,jb009,1.9
175153,2023-02-02,jb009,1.9
175159,2023-02-01,jb009,1.9
175168,2023-01-31,jb009,1.8
175171,2023-01-30,jb009,1.8
175182,2023-01-29,jb009,1.7
175187,2023-01-28,jb009,1.8
175198,2023-01-27,jb009,1.9
175199,2023-01-26,jb009,1.8
175209,2023-01-25,jb009,1.8
175215,2023-01-24,jb009,1.9
175226,2023-01-23,jb009,1.9
175230,2023-01-22,jb009,1.9
175236,2023-01-21,jb009,1.9
175241,2023-01-20,jb009,1.9
175250,2023-01-19,jb009,1.8
175259,2023-01-18,jb009,1.7
175262,2023-01-17,jb009,1.5
175274,2023-01-16,jb009,1.5
175281,2023-01-15,jb009,1.6
175285,2023-01-14,jb009,1.7
175296,2023-01-13,jb009,1.9
175298,2023-01-12,jb009,2.0
175305,2023-01-11,jb009,1.9
175315,2023-01-10,jb009,1.9
175321,2023-01-09,jb009,2.1
175335,2023-01-08,jb009,2.0
175339,2023-01-07,jb009,2.0
175355,2023-01-06,jb009,2.0
175357,2023-01-05,jb009,2.0
175364,2023-01-04,jb009,2.1
175373,2023-01-03,jb009,2.3
175381,2023-01-02,jb009,2.0
175386,2023-01-01,jb009,2.0
167423,2022-12-31,jb009,2.0
167157,2022-12-30,jb009,2.06
166870,2022-12-29,jb009,2.02
166418,2022-12-28,jb009,2.04
166189,2022-12-27,jb009,2.02
165488,2022-12-23,jb009,1.7
165393,2022-12-21,jb009,2.06
165280,2022-12-20,jb009,2.08
165125,2022-12-19,jb009,2.04
164512,2022-12-17,jb009,1.7
164317,2022-12-14,jb009,2.12
163964,2022-12-13,jb009,2.14
163806,2022-12-12,jb009,2.16
163485,2022-12-11,jb009,2.16
163252,2022-12-08,jb009,2.22
163133,2022-12-06,jb009,2.4
162766,2022-12-05,jb009,2.24
162494,2022-12-04,jb009,2.26
162502,2022-12-03,jb009,2.26
162151,2022-12-02,jb009,2.28
161594,2022-12-01,jb009,2.22
161189,2022-11-30,jb009,2.3
161170,2022-11-29,jb009,2.36
160825,2022-11-28,jb009,2.34
142146,2022-11-27,jb009,2.36
142145,2022-11-26,jb009,2.44
142144,2022-11-25,jb009,2.56
142143,2022-11-24,jb009,2.64
142142,2022-11-23,jb009,2.52
142141,2022-11-22,jb009,2.48
142140,2022-11-21,jb009,2.5
142139,2022-11-20,jb009,2.52
142138,2022-11-19,jb009,2.44
142133,2022-11-18,jb009,2.44
142097,2022-11-17,jb009,2.5
142017,2022-11-15,jb009,2.82
141087,2022-11-14,jb009,2.7
140688,2022-11-12,jb009,2.74
140345,2022-11-11,jb009,2.78
140088,2022-11-10,jb009,3.0
139823,2022-11-09,jb009,2.98
139531,2022-11-08,jb009,3.08
139283,2022-11-07,jb009,3.54
139225,2022-11-06,jb009,3.64
138821,2022-11-05,jb009,3.84
138513,2022-11-04,jb009,4.28
138233,2022-11-03,jb009,4.18
137952,2022-11-02,jb009,4.24
137691,2022-11-01,jb009,4.52
137433,2022-10-31,jb009,4.74
137386,2022-10-30,jb009,5.02
136939,2022-10-29,jb009,4.98
136673,2022-10-28,jb009,4.78
136630,2022-10-27,jb009,4.74
136103,2022-10-26,jb009,4.66
135861,2022-10-25,jb009,4.5
135680,2022-10-24,jb009,3.66
135654,2022-10-22,jb009,3.08
135139,2022-10-21,jb009,3.3
135104,2022-10-20,jb009,3.28
134582,2022-10-18,jb009,2.74
134419,2022-10-17,jb009,2.76
134366,2022-10-16,jb009,2.74
133820,2022-10-14,jb009,2.9
133569,2022-10-13,jb009,2.98
133383,2022-10-12,jb009,2.94
133222,2022-10-11,jb009,2.84
133055,2022-10-10,jb009,2.76
132476,2022-10-07,jb009,2.4
132212,2022-10-06,jb009,2.4
132004,2022-10-05,jb009,2.44
131848,2022-10-04,jb009,2.5
131699,2022-10-03,jb009,2.54
131519,2022-10-02,jb009,2.66
130941,2022-09-29,jb009,2.48
130712,2022-09-28,jb009,2.52
130690,2022-09-27,jb009,2.58
130309,2022-09-26,jb009,2.62
130184,2022-09-25,jb009,2.66
129865,2022-09-23,jb009,2.78
129667,2022-09-22,jb009,3.2
129353,2022-09-20,jb009,3.24
129179,2022-09-19,jb009,2.96
128527,2022-09-16,jb009,2.8
128342,2022-09-15,jb009,2.84
128145,2022-09-14,jb009,2.78
128030,2022-09-13,jb009,2.74
127829,2022-09-12,jb009,2.78
127137,2022-09-09,jb009,2.42
126848,2022-09-08,jb009,2.4
126814,2022-09-07,jb009,2.44
126764,2022-09-06,jb009,2.26
126704,2022-09-05,jb009,2.22
126509,2022-09-04,jb009,2.2
125968,2022-08-31,jb009,2.2
125607,2022-08-28,jb009,2.24
125217,2022-08-25,jb009,2.34
125049,2022-08-24,jb009,2.36
124714,2022-08-21,jb009,2.46
124029,2022-08-19,jb009,2.58
123803,2022-08-18,jb009,2.7
123685,2022-08-17,jb009,2.44
123599,2022-08-16,jb009,2.4
123414,2022-08-15,jb009,2.42
122846,2022-08-13,jb009,2.52
122542,2022-08-12,jb009,2.6
122413,2022-08-11,jb009,2.7
122354,2022-08-10,jb009,2.74
122069,2022-08-09,jb009,2.48
121886,2022-08-06,jb009,2.12
121256,2022-08-05,jb009,2.14
121042,2022-08-04,jb009,2.2
120868,2022-08-03,jb009,2.16
120812,2022-08-02,jb009,2.14
120694,2022-08-01,jb009,2.16
120011,2022-07-28,jb009,2.28
119854,2022-07-27,jb009,2.32
119694,2022-07-26,jb009,2.26
119558,2022-07-25,jb009,2.28
119725,2022-07-24,jb009,2.32
119724,2022-07-23,jb009,2.34
119723,2022-07-22,jb009,2.36
119382,2022-07-21,jb009,2.1
117452,2022-07-20,jb009,2.06
117445,2022-07-19,jb009,2.08
117459,2022-07-18,jb009,2.06
117438,2022-07-17,jb009,1.92
117431,2022-07-16,jb009,1.9
117424,2022-07-15,jb009,1.94
117417,2022-07-14,jb009,1.9
117410,2022-07-13,jb009,1.86
117403,2022-07-12,jb009,1.9
117396,2022-07-11,jb009,1.86
117389,2022-07-10,jb009,1.9
117382,2022-07-09,jb009,1.86
117375,2022-07-08,jb009,1.86
117368,2022-07-07,jb009,1.86
117361,2022-07-06,jb009,1.86
117354,2022-07-05,jb009,1.92
117347,2022-07-04,jb009,2.02
117340,2022-07-03,jb009,2.14
117333,2022-07-02,jb009,2.12
117326,2022-07-01,jb009,2.1
117319,2022-06-30,jb009,2.12
117312,2022-06-29,jb009,2.2
117305,2022-06-28,jb009,2.24
117298,2022-06-27,jb009,2.26
117291,2022-06-26,jb009,2.18
117284,2022-06-25,jb009,2.26
117277,2022-06-24,jb009,2.32
117270,2022-06-23,jb009,2.26
117263,2022-06-22,jb009,2.36
117256,2022-06-21,jb009,2.4
117249,2022-06-20,jb009,2.32
117242,2022-06-19,jb009,2.28
117235,2022-06-18,jb009,2.44
117228,2022-06-17,jb009,3.38
117221,2022-06-16,jb009,2.4
117214,2022-06-15,jb009,2.42
117207,2022-06-14,jb009,2.46
117200,2022-06-13,jb009,2.48
117193,2022-06-12,jb009,2.44
117186,2022-06-11,jb009,2.5
117179,2022-06-10,jb009,2.56
117172,2022-06-09,jb009,2.6
117165,2022-06-08,jb009,2.68
117158,2022-06-07,jb009,2.62
117151,2022-06-06,jb009,2.66
117144,2022-06-05,jb009,2.64
117137,2022-06-04,jb009,2.7
117130,2022-06-03,jb009,2.84
117123,2022-06-02,jb009,2.92
117116,2022-06-01,jb009,2.54
116968,2022-05-31,jb009,2.32
116967,2022-05-30,jb009,2.24
116966,2022-05-29,jb009,2.26
116965,2022-05-28,jb009,2.28
116964,2022-05-27,jb009,2.2
116963,2022-05-26,jb009,2.22
116962,2022-05-25,jb009,2.24
116961,2022-05-24,jb009,2.26
116960,2022-05-23,jb009,2.1
116959,2022-05-22,jb009,2.1
116958,2022-05-21,jb009,2.12
116957,2022-05-20,jb009,2.18
116956,2022-05-19,jb009,2.2
116955,2022-05-18,jb009,2.26
116954,2022-05-17,jb009,2.32
116953,2022-05-16,jb009,2.38
116952,2022-05-15,jb009,2.42
116951,2022-05-14,jb009,2.58
116950,2022-05-13,jb009,2.28
116949,2022-05-12,jb009,2.66
116948,2022-05-11,jb009,2.9
116947,2022-05-10,jb009,2.94
116946,2022-05-09,jb009,3.18
116945,2022-05-08,jb009,3.7
116944,2022-05-07,jb009,3.74
116943,2022-05-06,jb009,3.4
116942,2022-05-05,jb009,3.96
116941,2022-05-04,jb009,4.02
116940,2022-05-03,jb009,3.28
116939,2022-05-02,jb009,3.52
116938,2022-05-01,jb009,3.2
117109,2022-04-30,jb009,3.74
117102,2022-04-29,jb009,3.96
117095,2022-04-28,jb009,3.5
116871,2022-04-27,jb009,3.56
116866,2022-04-26,jb009,2.42
116860,2022-04-25,jb009,2.5
116849,2022-04-24,jb009,2.64
116846,2022-04-23,jb009,2.96
116834,2022-04-22,jb009,2.56
116829,2022-04-21,jb009,2.62
116826,2022-04-20,jb009,2.7
116816,2022-04-19,jb009,1.26
116810,2022-04-18,jb009,1.0
116803,2022-04-17,jb009,1.0
116792,2022-04-16,jb009,1.0
116791,2022-04-15,jb009,1.0
116779,2022-04-14,jb009,1.0
116772,2022-04-13,jb009,1.0
119722,2022-04-12,jb009,1.0
116767,2022-04-11,jb009,1.0
116757,2022-04-10,jb009,1.0
116756,2022-04-09,jb009,1.0
116746,2022-04-08,jb009,1.0
116742,2022-04-07,jb009,1.0
116733,2022-04-06,jb009,1.0
116723,2022-04-05,jb009,1.0
116718,2022-04-04,jb009,1.0
116711,2022-04-03,jb009,1.0
116703,2022-04-02,jb009,1.0
116694,2022-04-01,jb009,1.0
116693,2022-03-31,jb009,1.0
116680,2022-03-30,jb009,1.1
116677,2022-03-29,jb009,1.36
116671,2022-03-28,jb009,1.0
116660,2022-03-27,jb009,1.0
116655,2022-03-26,jb009,1.0
116646,2022-03-25,jb009,1.0
116643,2022-03-24,jb009,1.0
116635,2022-03-23,jb009,1.0
116625,2022-03-22,jb009,1.0
116620,2022-03-21,jb009,1.0
116610,2022-03-20,jb009,1.0
116605,2022-03-19,jb009,1.0
116601,2022-03-18,jb009,1.0
116592,2022-03-17,jb009,1.0
116585,2022-03-16,jb009,1.0
116577,2022-03-15,jb009,1.0
116568,2022-03-14,jb009,1.0
116564,2022-03-13,jb009,1.0
116560,2022-03-12,jb009,1.0
116553,2022-03-11,jb009,1.0
116542,2022-03-10,jb009,1.0
116534,2022-03-09,jb009,1.0
116532,2022-03-08,jb009,1.0
116520,2022-03-07,jb009,1.0
116514,2022-03-06,jb009,1.0
116508,2022-03-05,jb009,1.0
116501,2022-03-04,jb009,1.0
116492,2022-03-03,jb009,1.0
116489,2022-03-02,jb009,1.0
116481,2022-03-01,jb009,1.0
116472,2022-02-28,jb009,1.0
116465,2022-02-27,jb009,1.0
116462,2022-02-26,jb009,1.0
116450,2022-02-25,jb009,1.0
116444,2022-02-24,jb009,1.0
116440,2022-02-23,jb009,1.0
116430,2022-02-22,jb009,1.0
116425,2022-02-21,jb009,1.0
116415,2022-02-20,jb009,1.0
116409,2022-02-19,jb009,1.0
116401,2022-02-18,jb009,1.0
116399,2022-02-17,jb009,1.0
116391,2022-02-16,jb009,1.0
116382,2022-02-15,jb009,1.0
116375,2022-02-14,jb009,1.0
116365,2022-02-13,jb009,1.0
116362,2022-02-12,jb009,1.0
116356,2022-02-11,jb009,1.0
116350,2022-02-10,jb009,1.0
116343,2022-02-09,jb009,1.0
116330,2022-02-08,jb009,1.0
116328,2022-02-07,jb009,1.04
116316,2022-02-06,jb009,1.06
116315,2022-02-05,jb009,1.06
116308,2022-02-04,jb009,1.1
116298,2022-02-03,jb009,1.12
116291,2022-02-02,jb009,1.14
116281,2022-02-01,jb009,1.18
119721,2022-01-31,jb009,1.22
119720,2022-01-30,jb009,1.28
119719,2022-01-29,jb009,1.38
119718,2022-01-28,jb009,1.26
116275,2022-01-27,jb009,1.28
116272,2022-01-26,jb009,1.36
116265,2022-01-25,jb009,1.42
116256,2022-01-24,jb009,1.5
116252,2022-01-23,jb009,1.02
116241,2022-01-22,jb009,1.02
116233,2022-01-21,jb009,1.02
116227,2022-01-20,jb009,1.02
116220,2022-01-19,jb009,1.04
116212,2022-01-18,jb009,1.06
116204,2022-01-17,jb009,1.08
116200,2022-01-16,jb009,1.1
116193,2022-01-15,jb009,1.12
116188,2022-01-14,jb009,1.14
116176,2022-01-13,jb009,1.18
116170,2022-01-12,jb009,1.26
116165,2022-01-11,jb009,1.32
116159,2022-01-10,jb009,1.34
116148,2022-01-09,jb009,1.36
116144,2022-01-08,jb009,1.36
116139,2022-01-07,jb009,1.38
116131,2022-01-06,jb009,1.4
116124,2022-01-05,jb009,1.44
116119,2022-01-04,jb009,1.48
116106,2022-01-03,jb009,1.56
116103,2022-01-02,jb009,1.56
116095,2022-01-01,jb009,1.58
115148,2021-05-03,jb009,3.74
115144,2021-05-02,jb009,3.62
115138,2021-05-01,jb009,3.26
115127,2021-04-30,jb009,3.3
115120,2021-04-29,jb009,3.38
115118,2021-04-28,jb009,3.32
115107,2021-04-27,jb009,3.3
115101,2021-04-26,jb009,2.72
115096,2021-04-25,jb009,2.54
115087,2021-04-24,jb009,2.4
115077,2021-04-23,jb009,2.48
115073,2021-04-22,jb009,2.34
115067,2021-04-21,jb009,2.7
115057,2021-04-20,jb009,2.3
115053,2021-04-19,jb009,2.16
115048,2021-04-18,jb009,2.5
115037,2021-04-17,jb009,2.08
115033,2021-04-16,jb009,2.1
115024,2021-04-15,jb009,2.12
115014,2021-04-14,jb009,2.16
115009,2021-04-13,jb009,2.26
115005,2021-04-12,jb009,2.22
114993,2021-04-11,jb009,2.24
114990,2021-04-10,jb009,2.12
114983,2021-04-09,jb009,2.18
114976,2021-04-08,jb009,2.2
114965,2021-04-07,jb009,2.22
114964,2021-04-06,jb009,2.14
114957,2021-04-05,jb009,2.12
114947,2021-04-04,jb009,2.1
114937,2021-04-03,jb009,2.06
114934,2021-04-02,jb009,2.04
114924,2021-04-01,jb009,2.1
114922,2021-03-31,jb009,2.14
114914,2021-03-30,jb009,2.16
114905,2021-03-29,jb009,2.18
114901,2021-03-28,jb009,2.12
114888,2021-03-27,jb009,2.1
114887,2021-03-26,jb009,2.14
114877,2021-03-25,jb009,2.12
114870,2021-03-24,jb009,2.1
114863,2021-03-23,jb009,2.06
114857,2021-03-22,jb009,2.06
114851,2021-03-21,jb009,2.12
114841,2021-03-20,jb009,2.02
114832,2021-03-19,jb009,2.06
114828,2021-03-18,jb009,2.1
114820,2021-03-17,jb009,2.06
114816,2021-03-16,jb009,2.04
114810,2021-03-15,jb009,2.02
114800,2021-03-14,jb009,2.0
114791,2021-03-13,jb009,1.92
114788,2021-03-12,jb009,1.86
114781,2021-03-11,jb009,1.8
114773,2021-03-10,jb009,1.78
114768,2021-03-09,jb009,1.82
114757,2021-03-08,jb009,1.84
114748,2021-03-07,jb009,1.8
114742,2021-03-06,jb009,1.82
114740,2021-03-05,jb009,1.84
114730,2021-03-04,jb009,1.86
114720,2021-03-03,jb009,1.88
114717,2021-03-02,jb009,1.8
114707,2021-03-01,jb009,1.84
114700,2021-02-28,jb009,1.82
114697,2021-02-27,jb009,1.78
114689,2021-02-26,jb009,1.78
114683,2021-02-25,jb009,1.8
114672,2021-02-24,jb009,1.8
114664,2021-02-23,jb009,1.76
114657,2021-02-22,jb009,1.8
114654,2021-02-21,jb009,1.8
114649,2021-02-20,jb009,1.82
114640,2021-02-19,jb009,1.86
114629,2021-02-18,jb009,1.92
114628,2021-02-17,jb009,1.88
114618,2021-02-16,jb009,1.9
114613,2021-02-15,jb009,1.88
114602,2021-02-14,jb009,1.6
114599,2021-02-13,jb009,1.6
114591,2021-02-12,jb009,1.62
114584,2021-02-11,jb009,1.62
114574,2021-02-10,jb009,1.64
114568,2021-02-09,jb009,1.64
114559,2021-02-08,jb009,1.66
114553,2021-02-07,jb009,1.76
114548,2021-02-06,jb009,1.92
114544,2021-02-05,jb009,1.94
114532,2021-02-04,jb009,1.66
114526,2021-02-03,jb009,1.66
114521,2021-02-02,jb009,1.68
114514,2021-02-01,jb009,1.68
114503,2021-01-31,jb009,1.68
114496,2021-01-30,jb009,1.7
114494,2021-01-29,jb009,1.7
114486,2021-01-28,jb009,1.72
114475,2021-01-27,jb009,1.7
114473,2021-01-26,jb009,1.7
114463,2021-01-25,jb009,1.74
114454,2021-01-24,jb009,1.76
114453,2021-01-23,jb009,1.8
114445,2021-01-22,jb009,1.86
114438,2021-01-21,jb009,1.92
114431,2021-01-20,jb009,1.94
114419,2021-01-19,jb009,2.06
114416,2021-01-18,jb009,2.08
114410,2021-01-17,jb009,2.16
114404,2021-01-16,jb009,2.22
114394,2021-01-15,jb009,2.2
114390,2021-01-14,jb009,2.22
114377,2021-01-13,jb009,2.26
114372,2021-01-12,jb009,2.26
114363,2021-01-11,jb009,2.28
114362,2021-01-10,jb009,2.26
114354,2021-01-09,jb009,2.22
114343,2021-01-08,jb009,2.22
114337,2021-01-07,jb009,2.24
114329,2021-01-06,jb009,2.24
114323,2021-01-05,jb009,2.26
114320,2021-01-04,jb009,2.26
114308,2021-01-03,jb009,2.28
114300,2021-01-02,jb009,2.3
114298,2021-01-01,jb009,2.3
114288,2020-12-31,jb009,2.3
114281,2020-12-30,jb009,2.2
114272,2020-12-29,jb009,2.22
114268,2020-12-28,jb009,2.2
114263,2020-12-27,jb009,2.24
114251,2020-12-26,jb009,2.1
114246,2020-12-25,jb009,2.1
114237,2020-12-24,jb009,2.1
114232,2020-12-23,jb009,2.12
114225,2020-12-22,jb009,2.14
114220,2020-12-21,jb009,2.14
114211,2020-12-20,jb009,2.16
114205,2020-12-19,jb009,2.16
114200,2020-12-18,jb009,2.18
114192,2020-12-17,jb009,2.18
114181,2020-12-16,jb009,2.2
114174,2020-12-15,jb009,2.2
114170,2020-12-14,jb009,2.2
114166,2020-12-13,jb009,2.22
114153,2020-12-12,jb009,2.22
114148,2020-12-11,jb009,2.26
114141,2020-12-10,jb009,2.28
114138,2020-12-09,jb009,2.3
114128,2020-12-08,jb009,2.3
114122,2020-12-07,jb009,2.32
114115,2020-12-06,jb009,2.38
114106,2020-12-05,jb009,2.4
114102,2020-12-04,jb009,2.44
114091,2020-12-03,jb009,2.48
114083,2020-12-02,jb009,2.6
114082,2020-12-01,jb009,2.7
114071,2020-11-30,jb009,2.8
114064,2020-11-29,jb009,2.38
114056,2020-11-28,jb009,2.42
114052,2020-11-27,jb009,2.58
114045,2020-11-26,jb009,2.74
114040,2020-11-25,jb009,2.7
114030,2020-11-24,jb009,2.8
114021,2020-11-23,jb009,2.94
114013,2020-11-22,jb009,3.28
114010,2020-11-21,jb009,3.3
114002,2020-11-20,jb009,3.34
113992,2020-11-19,jb009,3.3
113989,2020-11-18,jb009,3.46
113978,2020-11-17,jb009,3.54
113975,2020-11-16,jb009,3.6
113965,2020-11-15,jb009,3.72
113957,2020-11-14,jb009,3.76
113950,2020-11-13,jb009,3.74
113946,2020-11-12,jb009,3.8
113938,2020-11-11,jb009,3.72
113935,2020-11-10,jb009,3.76
113924,2020-11-09,jb009,3.92
113917,2020-11-08,jb009,4.24
113914,2020-11-07,jb009,4.34
113901,2020-11-06,jb009,4.38
113894,2020-11-05,jb009,4.4
113888,2020-11-04,jb009,4.58
113881,2020-11-03,jb009,4.6
113875,2020-11-02,jb009,4.44
113870,2020-11-01,jb009,4.56
113863,2020-10-31,jb009,4.38
113853,2020-10-30,jb009,4.28
113845,2020-10-29,jb009,4.26
113841,2020-10-28,jb009,4.34
113831,2020-10-27,jb009,4.3
113830,2020-10-26,jb009,4.22
113821,2020-10-25,jb009,4.2
113810,2020-10-24,jb009,4.08
113807,2020-10-23,jb009,4.16
113802,2020-10-22,jb009,4.14
113795,2020-10-21,jb009,4.04
113785,2020-10-20,jb009,3.62
113776,2020-10-19,jb009,3.62
113770,2020-10-18,jb009,3.78
113765,2020-10-17,jb009,3.74
113757,2020-10-16,jb009,4.08
113753,2020-10-15,jb009,3.92
113746,2020-10-14,jb009,3.9
113739,2020-10-13,jb009,4.06
113727,2020-10-12,jb009,4.2
113724,2020-10-11,jb009,4.26
113716,2020-10-10,jb009,4.18
113710,2020-10-09,jb009,4.14
113701,2020-10-08,jb009,4.08
113693,2020-10-07,jb009,3.92
113690,2020-10-06,jb009,3.88
113677,2020-10-05,jb009,3.78
113675,2020-10-04,jb009,3.66
113666,2020-10-03,jb009,3.2
113661,2020-10-02,jb009,3.16
113649,2020-10-01,jb009,3.12
113647,2020-09-30,jb009,3.02
113640,2020-09-29,jb009,2.72
113628,2020-09-28,jb009,2.78
113622,2020-09-27,jb009,2.72
113618,2020-09-26,jb009,2.7
113613,2020-09-25,jb009,2.64
113604,2020-09-24,jb009,2.62
113593,2020-09-23,jb009,2.76
113586,2020-09-22,jb009,2.84
113582,2020-09-21,jb009,2.9
113572,2020-09-20,jb009,3.1
113568,2020-09-19,jb009,3.2
113564,2020-09-18,jb009,3.28
113557,2020-09-17,jb009,3.36
113544,2020-09-16,jb009,3.48
113538,2020-09-15,jb009,3.68
113536,2020-09-14,jb009,3.92
113523,2020-09-13,jb009,3.98
113519,2020-09-12,jb009,4.0
113513,2020-09-11,jb009,4.04
113508,2020-09-10,jb009,4.24
113501,2020-09-09,jb009,4.2
113494,2020-09-08,jb009,4.24
113484,2020-09-07,jb009,4.18
113475,2020-09-06,jb009,4.12
113470,2020-09-05,jb009,4.0
113465,2020-09-04,jb009,3.68
113456,2020-09-03,jb009,3.64
113450,2020-09-02,jb009,3.6
113445,2020-09-01,jb009,3.56
113436,2020-08-31,jb009,3.5
113428,2020-08-30,jb009,3.66
113420,2020-08-29,jb009,3.7
113415,2020-08-28,jb009,3.58
113409,2020-08-27,jb009,3.62
113397,2020-08-26,jb009,3.68
113393,2020-08-25,jb009,3.72
113387,2020-08-24,jb009,3.78
113376,2020-08-23,jb009,3.64
113374,2020-08-22,jb009,3.5
113367,2020-08-21,jb009,3.44
113359,2020-08-20,jb009,3.36
113350,2020-08-19,jb009,3.6
113341,2020-08-18,jb009,3.64
113336,2020-08-17,jb009,3.68
113332,2020-08-16,jb009,3.7
113326,2020-08-15,jb009,3.88
113317,2020-08-14,jb009,4.08
113307,2020-08-13,jb009,4.02
113302,2020-08-12,jb009,3.66
113296,2020-08-11,jb009,3.42
113285,2020-08-10,jb009,3.48
113279,2020-08-09,jb009,3.54
113277,2020-08-08,jb009,3.72
113269,2020-08-07,jb009,3.68
113263,2020-08-06,jb009,3.54
113254,2020-08-05,jb009,3.52
113245,2020-08-04,jb009,3.54
113242,2020-08-03,jb009,3.58
113234,2020-08-02,jb009,3.68
113224,2020-08-01,jb009,3.7
113221,2020-07-31,jb009,3.74
113213,2020-07-30,jb009,3.46
113204,2020-07-29,jb009,3.24
113197,2020-07-28,jb009,3.28
113187,2020-07-27,jb009,3.3
113186,2020-07-26,jb009,3.36
113179,2020-07-25,jb009,3.34
113166,2020-07-24,jb009,3.38
113162,2020-07-23,jb009,3.4
113156,2020-07-22,jb009,3.32
113150,2020-07-21,jb009,3.3
113140,2020-07-20,jb009,3.14
113132,2020-07-19,jb009,3.04
113129,2020-07-18,jb009,3.08
113121,2020-07-17,jb009,3.06
113110,2020-07-16,jb009,3.02
113104,2020-07-15,jb009,3.04
113097,2020-07-14,jb009,3.08
113095,2020-07-13,jb009,3.1
113086,2020-07-12,jb009,3.06
113076,2020-07-11,jb009,3.02
113071,2020-07-10,jb009,2.98
113065,2020-07-09,jb009,3.04
113057,2020-07-08,jb009,3.08
113052,2020-07-07,jb009,3.2
113043,2020-07-06,jb009,3.38
113034,2020-07-05,jb009,3.32
113028,2020-07-04,jb009,3.24
113022,2020-07-03,jb009,3.18
113013,2020-07-02,jb009,3.16
113005,2020-07-01,jb009,3.2
113000,2020-06-30,jb009,3.02
112993,2020-06-29,jb009,2.96
112984,2020-06-28,jb009,2.88
112980,2020-06-27,jb009,2.92
112972,2020-06-26,jb009,3.02
112968,2020-06-25,jb009,3.06
112958,2020-06-24,jb009,3.1
112954,2020-06-23,jb009,3.14
112948,2020-06-22,jb009,3.18
112939,2020-06-21,jb009,3.26
112928,2020-06-20,jb009,3.48
112924,2020-06-19,jb009,3.64
112914,2020-06-18,jb009,3.72
112907,2020-06-17,jb009,3.78
112902,2020-06-16,jb009,3.8
112897,2020-06-15,jb009,3.9
112890,2020-06-14,jb009,3.88
112880,2020-06-13,jb009,3.72
112876,2020-06-12,jb009,3.68
112867,2020-06-11,jb009,3.5
112862,2020-06-10,jb009,3.26
112851,2020-06-09,jb009,3.16
112847,2020-06-08,jb009,3.12
112840,2020-06-07,jb009,3.0
112832,2020-06-06,jb009,2.98
112824,2020-06-05,jb009,3.2
112817,2020-06-04,jb009,3.38
112812,2020-06-03,jb009,3.4
112804,2020-06-02,jb009,3.22
112796,2020-06-01,jb009,3.06
112789,2020-05-31,jb009,2.46
112782,2020-05-30,jb009,2.62
112777,2020-05-29,jb009,2.68
112769,2020-05-28,jb009,2.74
112765,2020-05-27,jb009,2.72
112759,2020-05-26,jb009,2.76
112749,2020-05-25,jb009,2.8
112743,2020-05-24,jb009,2.92
112735,2020-05-23,jb009,3.08
112725,2020-05-22,jb009,3.2
112720,2020-05-21,jb009,3.8
112712,2020-05-20,jb009,3.82
112707,2020-05-19,jb009,4.18
112702,2020-05-18,jb009,4.4
112696,2020-05-17,jb009,4.82
112684,2020-05-16,jb009,4.86
112682,2020-05-15,jb009,5.1
112673,2020-05-14,jb009,5.34
112663,2020-05-13,jb009,5.46
112661,2020-05-12,jb009,5.56
112649,2020-05-11,jb009,5.42
112643,2020-05-10,jb009,5.18
112636,2020-05-09,jb009,5.3
112627,2020-05-08,jb009,5.0
112626,2020-05-07,jb009,4.86
112617,2020-05-06,jb009,4.66
112608,2020-05-05,jb009,4.66
112602,2020-05-04,jb009,4.32
112593,2020-05-03,jb009,4.5
112591,2020-05-02,jb009,4.98
112581,2020-05-01,jb009,5.0
112574,2020-04-30,jb009,3.9
112565,2020-04-29,jb009,3.62
112563,2020-04-28,jb009,3.42
112550,2020-04-27,jb009,3.48
112543,2020-04-26,jb009,4.42
112540,2020-04-25,jb009,4.36
112533,2020-04-24,jb009,3.58
112527,2020-04-23,jb009,4.1
112515,2020-04-22,jb009,3.64
112511,2020-04-21,jb009,2.9
112505,2020-04-20,jb009,2.94
112497,2020-04-19,jb009,3.18
112490,2020-04-18,jb009,2.62
112483,2020-04-17,jb009,2.1
112474,2020-04-16,jb009,2.12
112466,2020-04-15,jb009,2.08
112461,2020-04-14,jb009,2.14
112455,2020-04-13,jb009,2.1
112448,2020-04-12,jb009,2.16
112443,2020-04-11,jb009,2.2
112432,2020-04-10,jb009,2.26
112424,2020-04-09,jb009,2.34
112421,2020-04-08,jb009,2.22
112414,2020-04-07,jb009,2.2
112409,2020-04-06,jb009,2.22
112399,2020-04-05,jb009,2.3
112390,2020-04-04,jb009,2.32
112386,2020-04-03,jb009,2.38
112381,2020-04-02,jb009,2.42
112372,2020-04-01,jb009,2.38
112363,2020-03-31,jb009,2.42
112356,2020-03-30,jb009,2.34
112348,2020-03-29,jb009,2.1
112341,2020-03-28,jb009,1.68
112339,2020-03-27,jb009,1.5
112328,2020-03-26,jb009,1.52
112321,2020-03-25,jb009,1.46
112318,2020-03-24,jb009,1.38
112309,2020-03-23,jb009,1.36
112303,2020-03-22,jb009,1.36
112293,2020-03-21,jb009,1.38
112289,2020-03-20,jb009,1.4
112281,2020-03-19,jb009,1.42
112275,2020-03-18,jb009,1.44
112265,2020-03-17,jb009,1.34
112256,2020-03-16,jb009,1.32
112251,2020-03-15,jb009,1.32
112246,2020-03-14,jb009,1.3
112235,2020-03-13,jb009,1.3
112232,2020-03-12,jb009,1.34
112221,2020-03-11,jb009,1.32
112217,2020-03-10,jb009,1.3
112213,2020-03-09,jb009,1.18
112200,2020-03-08,jb009,1.2
112198,2020-03-07,jb009,1.26
112189,2020-03-06,jb009,1.32
112182,2020-03-05,jb009,1.34
112177,2020-03-04,jb009,1.26
112168,2020-03-03,jb009,1.16
112162,2020-03-02,jb009,1.18
112153,2020-03-01,jb009,1.18
112148,2020-02-29,jb009,1.16
112139,2020-02-28,jb009,1.16
112135,2020-02-27,jb009,1.18
112127,2020-02-26,jb009,1.2
112116,2020-02-25,jb009,1.2
112109,2020-02-24,jb009,1.22
112106,2020-02-23,jb009,1.24
112099,2020-02-22,jb009,1.24
112088,2020-02-21,jb009,1.26
112086,2020-02-20,jb009,1.28
112077,2020-02-19,jb009,1.28
112071,2020-02-18,jb009,1.3
112063,2020-02-17,jb009,1.32
112053,2020-02-16,jb009,1.34
112046,2020-02-15,jb009,1.36
112039,2020-02-14,jb009,1.4
112037,2020-02-13,jb009,1.44
112025,2020-02-12,jb009,1.48
112020,2020-02-11,jb009,1.5
112013,2020-02-10,jb009,1.5
112004,2020-02-09,jb009,1.42
112002,2020-02-08,jb009,1.36
111995,2020-02-07,jb009,1.38
111988,2020-02-06,jb009,1.38
111976,2020-02-05,jb009,1.38
111974,2020-02-04,jb009,1.4
111968,2020-02-03,jb009,1.4
111960,2020-02-02,jb009,1.42
111951,2020-02-01,jb009,1.44
111944,2020-01-31,jb009,1.48
111935,2020-01-30,jb009,1.5
111927,2020-01-29,jb009,1.52
111921,2020-01-28,jb009,1.54
111919,2020-01-27,jb009,1.54
111912,2020-01-26,jb009,1.56
111903,2020-01-25,jb009,1.58
111894,2020-01-24,jb009,1.6
111885,2020-01-23,jb009,1.62
111883,2020-01-22,jb009,1.64
111873,2020-01-21,jb009,1.7
111867,2020-01-20,jb009,1.72
111863,2020-01-19,jb009,1.68
111852,2020-01-18,jb009,1.66
111846,2020-01-17,jb009,1.66
111841,2020-01-16,jb009,1.68
111835,2020-01-15,jb009,1.68
111822,2020-01-14,jb009,1.66
111816,2020-01-13,jb009,1.66
111814,2020-01-12,jb009,1.66
111805,2020-01-11,jb009,1.68
111794,2020-01-10,jb009,1.74
111791,2020-01-09,jb009,1.76
111785,2020-01-08,jb009,1.78
111775,2020-01-07,jb009,1.8
111769,2020-01-06,jb009,1.82
111763,2020-01-05,jb009,1.84
111754,2020-01-04,jb009,1.88
111746,2020-01-03,jb009,2.02
111741,2020-01-02,jb009,2.06
111735,2020-01-01,jb009,2.1
111724,2019-12-31,jb009,2.14
111718,2019-12-30,jb009,2.26
111711,2019-12-29,jb009,2.48
111706,2019-12-28,jb009,2.5
111701,2019-12-27,jb009,2.54
111695,2019-12-26,jb009,2.58
111683,2019-12-25,jb009,2.6
111676,2019-12-24,jb009,2.62
111668,2019-12-23,jb009,2.68
111664,2019-12-22,jb009,2.7
111654,2019-12-21,jb009,2.76
111652,2019-12-20,jb009,2.82
111640,2019-12-19,jb009,2.86
111639,2019-12-18,jb009,2.4
111630,2019-12-17,jb009,2.52
111621,2019-12-16,jb009,2.72
111615,2019-12-15,jb009,3.9
111607,2019-12-14,jb009,3.84
111602,2019-12-13,jb009,2.84
111593,2019-12-12,jb009,2.92
111584,2019-12-11,jb009,2.98
111582,2019-12-10,jb009,3.3
111574,2019-12-09,jb009,3.06
111568,2019-12-08,jb009,2.96
111560,2019-12-07,jb009,2.94
111549,2019-12-06,jb009,3.42
111548,2019-12-05,jb009,3.58
111537,2019-12-04,jb009,4.1
111530,2019-12-03,jb009,4.12
111526,2019-12-02,jb009,4.5
111516,2019-12-01,jb009,4.58
111509,2019-11-30,jb009,4.52
111500,2019-11-29,jb009,4.3
111497,2019-11-28,jb009,4.14
111491,2019-11-27,jb009,3.7
111479,2019-11-26,jb009,3.8
111478,2019-11-25,jb009,2.46
111466,2019-11-24,jb009,3.86
111460,2019-11-23,jb009,3.02
111455,2019-11-22,jb009,2.3
111446,2019-11-21,jb009,2.32
111438,2019-11-20,jb009,2.4
111434,2019-11-19,jb009,2.58
111424,2019-11-18,jb009,2.68
111417,2019-11-17,jb009,2.96
111414,2019-11-16,jb009,3.0
111402,2019-11-15,jb009,3.08
111399,2019-11-14,jb009,3.2
111391,2019-11-13,jb009,3.12
111383,2019-11-12,jb009,2.84
111379,2019-11-11,jb009,2.88
111370,2019-11-10,jb009,3.56
111360,2019-11-09,jb009,3.6
111353,2019-11-08,jb009,3.36
111350,2019-11-07,jb009,3.0
111343,2019-11-06,jb009,2.96
111337,2019-11-05,jb009,2.58
111331,2019-11-04,jb009,2.74
111322,2019-11-03,jb009,2.9
111314,2019-11-02,jb009,3.02
111310,2019-11-01,jb009,3.22
111303,2019-10-31,jb009,3.34
111293,2019-10-30,jb009,3.24
111289,2019-10-29,jb009,3.14
111280,2019-10-28,jb009,3.1
111273,2019-10-27,jb009,3.24
111262,2019-10-26,jb009,3.2
111258,2019-10-25,jb009,3.54
111249,2019-10-24,jb009,3.88
111245,2019-10-23,jb009,4.1
111236,2019-10-22,jb009,4.2
111233,2019-10-21,jb009,4.46
111225,2019-10-20,jb009,4.86
111216,2019-10-19,jb009,3.78
111208,2019-10-18,jb009,3.7
111200,2019-10-17,jb009,4.12
111192,2019-10-16,jb009,4.02
111187,2019-10-15,jb009,4.08
111180,2019-10-14,jb009,4.82
111175,2019-10-13,jb009,4.02
111165,2019-10-12,jb009,4.06
111158,2019-10-11,jb009,3.84
111154,2019-10-10,jb009,4.12
111149,2019-10-09,jb009,4.36
111140,2019-10-08,jb009,4.34
111132,2019-10-07,jb009,5.08
111122,2019-10-06,jb009,3.66
111115,2019-10-05,jb009,2.62
111114,2019-10-04,jb009,2.54
111102,2019-10-03,jb009,2.16
111095,2019-10-02,jb009,2.18
111093,2019-10-01,jb009,2.22
111086,2019-09-30,jb009,2.04
111077,2019-09-29,jb009,1.92
111069,2019-09-28,jb009,1.84
111065,2019-09-27,jb009,1.84
111054,2019-09-26,jb009,1.84
111051,2019-09-25,jb009,1.9
111040,2019-09-24,jb009,1.96
111034,2019-09-23,jb009,1.9
111028,2019-09-22,jb009,1.92
111021,2019-09-21,jb009,1.98
111012,2019-09-20,jb009,2.0
111005,2019-09-19,jb009,1.9
110998,2019-09-18,jb009,1.92
110995,2019-09-17,jb009,2.0
110984,2019-09-16,jb009,2.06
110979,2019-09-15,jb009,2.14
110972,2019-09-14,jb009,2.14
110965,2019-09-13,jb009,2.12
110958,2019-09-12,jb009,2.14
110952,2019-09-11,jb009,2.14
110940,2019-09-10,jb009,2.16
110938,2019-09-09,jb009,2.14
110930,2019-09-08,jb009,2.1
110925,2019-09-07,jb009,2.12
110912,2019-09-06,jb009,2.06
110906,2019-09-05,jb009,2.06
110898,2019-09-04,jb009,1.98
110897,2019-09-03,jb009,1.94
110884,2019-09-02,jb009,2.02
110881,2019-09-01,jb009,2.06
110873,2019-08-31,jb009,2.1
110864,2019-08-30,jb009,2.12
110860,2019-08-29,jb009,2.14
110849,2019-08-28,jb009,2.16
110848,2019-08-27,jb009,2.1
110840,2019-08-26,jb009,2.12
110828,2019-08-25,jb009,2.14
110822,2019-08-24,jb009,2.18
110814,2019-08-23,jb009,2.22
110807,2019-08-22,jb009,2.2
110802,2019-08-21,jb009,2.22
110796,2019-08-20,jb009,2.24
110789,2019-08-19,jb009,2.2
110781,2019-08-18,jb009,2.1
110775,2019-08-17,jb009,1.9
110770,2019-08-16,jb009,1.94
110760,2019-08-15,jb009,1.98
110751,2019-08-14,jb009,2.0
110744,2019-08-13,jb009,2.02
110740,2019-08-12,jb009,2.08
110731,2019-08-11,jb009,2.16
110729,2019-08-10,jb009,2.16
110717,2019-08-09,jb009,2.14
110710,2019-08-08,jb009,2.12
110704,2019-08-07,jb009,2.1
110696,2019-08-06,jb009,1.9
110694,2019-08-05,jb009,1.72
110684,2019-08-04,jb009,1.74
110677,2019-08-03,jb009,1.78
110667,2019-08-02,jb009,1.8
110661,2019-08-01,jb009,1.82
110653,2019-07-31,jb009,1.84
110651,2019-07-30,jb009,1.96
110640,2019-07-29,jb009,1.98
110633,2019-07-28,jb009,2.0
110628,2019-07-27,jb009,2.02
110621,2019-07-26,jb009,2.06
110617,2019-07-25,jb009,2.04
110606,2019-07-24,jb009,2.0
110603,2019-07-23,jb009,1.96
110592,2019-07-22,jb009,2.04
110588,2019-07-21,jb009,1.98
110579,2019-07-20,jb009,1.76
110573,2019-07-19,jb009,1.76
110564,2019-07-18,jb009,1.8
110555,2019-07-17,jb009,1.84
110549,2019-07-16,jb009,1.86
110547,2019-07-15,jb009,1.9
110536,2019-07-14,jb009,1.94
110527,2019-07-13,jb009,2.0
110522,2019-07-12,jb009,2.1
110515,2019-07-11,jb009,2.12
110509,2019-07-10,jb009,2.12
110503,2019-07-09,jb009,2.02
110494,2019-07-08,jb009,1.92
110487,2019-07-07,jb009,1.88
110482,2019-07-06,jb009,1.94
110475,2019-07-05,jb009,1.96
110467,2019-07-04,jb009,2.02
110458,2019-07-03,jb009,2.12
110450,2019-07-02,jb009,2.2
110444,2019-07-01,jb009,2.28
110441,2019-06-30,jb009,2.32
110429,2019-06-29,jb009,2.16
110427,2019-06-28,jb009,2.12
110418,2019-06-27,jb009,2.0
110409,2019-06-26,jb009,2.0
110407,2019-06-25,jb009,2.0
110395,2019-06-24,jb009,2.02
110390,2019-06-23,jb009,2.1
110382,2019-06-22,jb009,2.16
110375,2019-06-21,jb009,2.26
110369,2019-06-20,jb009,2.38
110362,2019-06-19,jb009,2.52
110355,2019-06-18,jb009,2.72
110346,2019-06-17,jb009,2.88
110340,2019-06-16,jb009,2.96
110331,2019-06-15,jb009,2.82
110330,2019-06-14,jb009,2.72
110318,2019-06-13,jb009,2.64
110310,2019-06-12,jb009,2.52
110303,2019-06-11,jb009,2.58
110297,2019-06-10,jb009,2.9
110292,2019-06-09,jb009,3.2
110288,2019-06-08,jb009,3.36
110275,2019-06-07,jb009,3.76
110271,2019-06-06,jb009,2.98
110263,2019-06-05,jb009,1.9
110255,2019-06-04,jb009,1.92
110249,2019-06-03,jb009,2.2
110243,2019-06-02,jb009,2.18
110238,2019-06-01,jb009,1.28
110228,2019-05-31,jb009,2.38
110224,2019-05-30,jb009,2.46
110215,2019-05-29,jb009,2.58
110209,2019-05-28,jb009,2.64
110204,2019-05-27,jb009,2.88
110194,2019-05-26,jb009,2.8
110187,2019-05-25,jb009,2.78
110177,2019-05-24,jb009,2.84
110176,2019-05-23,jb009,2.96
110163,2019-05-22,jb009,2.48
110160,2019-05-21,jb009,2.84
110152,2019-05-20,jb009,3.5
110143,2019-05-19,jb009,3.3
110136,2019-05-18,jb009,3.04
110129,2019-05-17,jb009,3.64
110123,2019-05-16,jb009,3.26
110115,2019-05-15,jb009,3.7
110113,2019-05-14,jb009,3.48
110102,2019-05-13,jb009,1.42
110097,2019-05-12,jb009,1.22
110090,2019-05-11,jb009,1.1
110084,2019-05-10,jb009,1.18
110073,2019-05-09,jb009,1.28
110065,2019-05-08,jb009,1.2
110061,2019-05-07,jb009,1.24
110056,2019-05-06,jb009,1.32
110046,2019-05-05,jb009,1.4
110042,2019-05-04,jb009,1.3
110032,2019-05-03,jb009,1.26
110029,2019-05-02,jb009,1.28
110018,2019-05-01,jb009,1.29
110012,2019-04-30,jb009,1.48
110003,2019-04-29,jb009,1.32
109995,2019-04-28,jb009,1.24
109989,2019-04-27,jb009,1.32
109987,2019-04-26,jb009,1.72
109980,2019-04-25,jb009,1.12
109971,2019-04-24,jb009,1.08
109963,2019-04-23,jb009,1.0
109953,2019-04-22,jb009,1.0
109946,2019-04-21,jb009,1.0
109939,2019-04-20,jb009,1.0
109934,2019-04-19,jb009,1.0
109928,2019-04-18,jb009,1.0
109920,2019-04-17,jb009,1.0
109917,2019-04-16,jb009,1.0
109909,2019-04-15,jb009,1.0
109901,2019-04-14,jb009,1.0
109896,2019-04-13,jb009,1.0
109886,2019-04-12,jb009,1.0
109879,2019-04-11,jb009,1.0
109873,2019-04-10,jb009,1.0
109862,2019-04-09,jb009,1.0
109858,2019-04-08,jb009,1.0
109852,2019-04-07,jb009,1.0
109846,2019-04-06,jb009,1.0
109838,2019-04-05,jb009,1.0
109832,2019-04-04,jb009,1.0
109825,2019-04-03,jb009,1.0
109817,2019-04-02,jb009,1.0
109812,2019-04-01,jb009,1.0
109801,2019-03-31,jb009,1.0
109795,2019-03-30,jb009,1.0
109788,2019-03-29,jb009,1.0
109780,2019-03-28,jb009,1.0
109774,2019-03-27,jb009,1.0
109770,2019-03-26,jb009,1.0
109763,2019-03-25,jb009,1.0
109756,2019-03-24,jb009,1.0
109743,2019-03-23,jb009,1.0
109741,2019-03-22,jb009,1.0
109730,2019-03-21,jb009,1.0
109723,2019-03-20,jb009,1.0
109721,2019-03-19,jb009,1.0
109713,2019-03-18,jb009,1.0
109702,2019-03-17,jb009,1.0
109697,2019-03-16,jb009,1.0
109692,2019-03-15,jb009,1.0
109685,2019-03-14,jb009,1.0
109679,2019-03-13,jb009,1.0
109669,2019-03-12,jb009,1.0
109664,2019-03-11,jb009,1.0
109652,2019-03-10,jb009,1.0
109646,2019-03-09,jb009,1.0
109641,2019-03-08,jb009,1.0
109637,2019-03-07,jb009,1.0
109625,2019-03-06,jb009,1.0
109618,2019-03-05,jb009,1.0
109611,2019-03-04,jb009,1.0
109606,2019-03-03,jb009,1.0
109599,2019-03-02,jb009,1.0
109593,2019-03-01,jb009,1.0
109587,2019-02-28,jb009,1.0
109581,2019-02-27,jb009,1.0
109569,2019-02-26,jb009,1.0
109561,2019-02-25,jb009,1.0
109558,2019-02-24,jb009,1.0
109553,2019-02-23,jb009,1.0
109540,2019-02-22,jb009,1.0
109534,2019-02-21,jb009,1.0
109532,2019-02-20,jb009,1.0
109520,2019-02-19,jb009,1.0
109515,2019-02-18,jb009,1.0
109508,2019-02-17,jb009,1.0
109499,2019-02-16,jb009,1.0
109496,2019-02-15,jb009,1.0
109488,2019-02-14,jb009,1.0
109479,2019-02-13,jb009,1.0
109470,2019-02-12,jb009,1.0
109466,2019-02-11,jb009,1.0
109457,2019-02-10,jb009,1.0
109451,2019-02-09,jb009,1.0
109442,2019-02-08,jb009,1.0
109437,2019-02-07,jb009,1.0
109434,2019-02-06,jb009,1.0
109424,2019-02-05,jb009,1.0
109417,2019-02-04,jb009,1.0
109407,2019-02-03,jb009,1.0
109401,2019-02-02,jb009,1.0
109399,2019-02-01,jb009,1.0
109389,2019-01-31,jb009,1.0
109385,2019-01-30,jb009,1.0
109375,2019-01-29,jb009,1.0
109365,2019-01-28,jb009,1.0
109360,2019-01-27,jb009,1.0
109355,2019-01-26,jb009,1.0
109346,2019-01-25,jb009,1.0
109340,2019-01-24,jb009,1.0
109330,2019-01-23,jb009,1.0
109324,2019-01-22,jb009,1.0
109316,2019-01-21,jb009,1.0
109314,2019-01-20,jb009,1.0
109306,2019-01-19,jb009,1.0
109299,2019-01-18,jb009,1.0
109288,2019-01-17,jb009,1.0
109285,2019-01-16,jb009,1.0
109275,2019-01-15,jb009,1.0
109267,2019-01-14,jb009,1.0
109261,2019-01-13,jb009,1.0
109259,2019-01-12,jb009,1.0
109252,2019-01-11,jb009,1.0
109240,2019-01-10,jb009,1.0
109237,2019-01-09,jb009,1.0
109226,2019-01-08,jb009,1.0
109222,2019-01-07,jb009,1.48
109214,2019-01-06,jb009,1.5
109210,2019-01-05,jb009,1.5
109197,2019-01-04,jb009,1.54
109194,2019-01-03,jb009,1.58
109189,2019-01-02,jb009,1.6
109179,2019-01-01,jb009,1.62
109173,2018-12-31,jb009,1.62
109168,2018-12-30,jb009,1.64
109160,2018-12-29,jb009,1.66
109151,2018-12-28,jb009,1.66
109143,2018-12-27,jb009,1.7
109139,2018-12-26,jb009,1.74
109129,2018-12-25,jb009,1.78
109121,2018-12-24,jb009,1.8
109113,2018-12-23,jb009,1.82
109111,2018-12-22,jb009,1.88
109099,2018-12-21,jb009,1.9
109094,2018-12-20,jb009,1.92
109091,2018-12-19,jb009,1.98
109078,2018-12-18,jb009,2.0
109071,2018-12-17,jb009,2.02
109070,2018-12-16,jb009,2.06
109060,2018-12-15,jb009,2.12
109050,2018-12-14,jb009,2.14
109049,2018-12-13,jb009,2.18
109041,2018-12-12,jb009,2.22
109035,2018-12-11,jb009,2.2
109027,2018-12-10,jb009,2.24
109018,2018-12-09,jb009,2.32
109012,2018-12-08,jb009,2.34
109005,2018-12-07,jb009,2.4
108995,2018-12-06,jb009,2.44
108988,2018-12-05,jb009,2.52
108986,2018-12-04,jb009,2.6
108977,2018-12-03,jb009,2.66
108969,2018-12-02,jb009,2.7
108962,2018-12-01,jb009,2.76
108955,2018-11-30,jb009,2.86
108948,2018-11-29,jb009,3.2
108940,2018-11-28,jb009,3.06
108931,2018-11-27,jb009,3.47
108927,2018-11-26,jb009,3.64
108918,2018-11-25,jb009,4.42
108911,2018-11-24,jb009,4.28
108903,2018-11-23,jb009,4.68
108896,2018-11-22,jb009,4.56
108895,2018-11-21,jb009,4.4
108883,2018-11-20,jb009,4.3
108875,2018-11-19,jb009,3.44
108873,2018-11-18,jb009,3.44
108864,2018-11-17,jb009,3.6
108857,2018-11-16,jb009,3.42
108849,2018-11-15,jb009,3.7
108843,2018-11-14,jb009,3.76
108834,2018-11-13,jb009,3.74
108829,2018-11-12,jb009,3.28
108819,2018-11-11,jb009,2.56
108818,2018-11-10,jb009,2.6
108805,2018-11-09,jb009,2.74
108799,2018-11-08,jb009,2.78
108792,2018-11-07,jb009,3.08
108785,2018-11-06,jb009,3.68
108783,2018-11-05,jb009,3.18
108776,2018-11-04,jb009,3.24
108768,2018-11-03,jb009,3.38
108762,2018-11-02,jb009,3.34
108749,2018-11-01,jb009,3.3
108746,2018-10-31,jb009,3.26
108737,2018-10-30,jb009,3.22
108729,2018-10-29,jb009,3.28
108725,2018-10-28,jb009,3.34
108717,2018-10-27,jb009,3.24
108708,2018-10-26,jb009,3.18
108702,2018-10-25,jb009,3.3
108697,2018-10-24,jb009,3.28
108691,2018-10-23,jb009,3.08
108683,2018-10-22,jb009,2.86
108673,2018-10-21,jb009,2.7
108671,2018-10-20,jb009,2.74
108660,2018-10-19,jb009,2.68
108652,2018-10-18,jb009,2.68
108645,2018-10-17,jb009,2.66
108640,2018-10-16,jb009,2.68
108630,2018-10-15,jb009,2.38
108624,2018-10-14,jb009,2.42
108618,2018-10-13,jb009,2.38
108612,2018-10-12,jb009,2.46
108605,2018-10-11,jb009,2.5
108598,2018-10-10,jb009,2.54
108588,2018-10-09,jb009,2.58
108586,2018-10-08,jb009,2.6
108576,2018-10-07,jb009,2.66
108567,2018-10-06,jb009,2.8
108562,2018-10-05,jb009,2.78
108557,2018-10-04,jb009,2.74
108551,2018-10-03,jb009,2.7
108540,2018-10-02,jb009,2.64
108535,2018-10-01,jb009,2.6
108529,2018-09-30,jb009,2.58
108520,2018-09-29,jb009,2.64
108516,2018-09-28,jb009,2.72
108510,2018-09-27,jb009,2.8
108502,2018-09-26,jb009,2.84
108496,2018-09-25,jb009,2.9
108487,2018-09-24,jb009,2.94
108479,2018-09-23,jb009,2.98
108471,2018-09-22,jb009,3.0
108464,2018-09-21,jb009,2.68
108458,2018-09-20,jb009,2.4
108451,2018-09-19,jb009,2.44
108443,2018-09-18,jb009,2.48
108437,2018-09-17,jb009,2.5
108431,2018-09-16,jb009,2.58
108424,2018-09-15,jb009,2.66
108417,2018-09-14,jb009,2.7
108407,2018-09-13,jb009,2.84
108403,2018-09-12,jb009,2.9
108394,2018-09-11,jb009,2.98
108391,2018-09-10,jb009,3.26
108380,2018-09-09,jb009,3.32
108371,2018-09-08,jb009,3.38
108366,2018-09-07,jb009,3.24
108361,2018-09-06,jb009,3.16
108353,2018-09-05,jb009,3.08
108345,2018-09-04,jb009,3.04
108340,2018-09-03,jb009,3.08
108331,2018-09-02,jb009,3.02
108323,2018-09-01,jb009,2.84
108320,2018-08-31,jb009,2.76
108308,2018-08-30,jb009,2.72
108302,2018-08-29,jb009,2.8
108294,2018-08-28,jb009,2.76
108291,2018-08-27,jb009,2.6
108282,2018-08-26,jb009,2.48
108278,2018-08-25,jb009,2.2
108266,2018-08-24,jb009,2.02
108264,2018-08-23,jb009,2.0
108257,2018-08-22,jb009,2.04
108251,2018-08-21,jb009,2.08
108238,2018-08-20,jb009,2.1
108236,2018-08-19,jb009,2.12
108228,2018-08-18,jb009,2.1
108217,2018-08-17,jb009,2.06
108216,2018-08-16,jb009,2.08
108203,2018-08-15,jb009,2.1
108200,2018-08-14,jb009,2.16
108191,2018-08-13,jb009,2.2
108184,2018-08-12,jb009,2.2
108180,2018-08-11,jb009,2.18
108174,2018-08-10,jb009,2.08
108163,2018-08-09,jb009,2.1
108155,2018-08-08,jb009,2.14
108150,2018-08-07,jb009,2.18
108143,2018-08-06,jb009,2.22
108134,2018-08-05,jb009,2.24
108129,2018-08-04,jb009,2.28
108125,2018-08-03,jb009,2.32
108114,2018-08-02,jb009,2.36
108106,2018-08-01,jb009,2.38
108098,2018-07-31,jb009,2.4
108097,2018-07-30,jb009,2.42
108090,2018-07-29,jb009,2.42
108083,2018-07-28,jb009,2.4
108070,2018-07-27,jb009,2.44
108067,2018-07-26,jb009,2.48
108061,2018-07-25,jb009,2.5
108051,2018-07-24,jb009,2.54
108045,2018-07-23,jb009,2.62
108038,2018-07-22,jb009,2.66
108029,2018-07-21,jb009,2.6
108026,2018-07-20,jb009,2.74
108016,2018-07-19,jb009,2.8
108012,2018-07-18,jb009,2.78
108002,2018-07-17,jb009,2.74
107997,2018-07-16,jb009,2.88
107992,2018-07-15,jb009,2.72
107984,2018-07-14,jb009,2.74
107975,2018-07-13,jb009,2.76
107970,2018-07-12,jb009,2.8
107963,2018-07-11,jb009,2.82
107953,2018-07-10,jb009,2.86
107945,2018-07-09,jb009,3.0
107943,2018-07-08,jb009,3.06
107935,2018-07-07,jb009,3.12
107929,2018-07-06,jb009,3.14
107920,2018-07-05,jb009,3.1
107912,2018-07-04,jb009,3.12
107907,2018-07-03,jb009,3.1
107900,2018-07-02,jb009,3.08
107888,2018-07-01,jb009,2.96
107883,2018-06-30,jb009,3.0
107874,2018-06-29,jb009,3.02
107868,2018-06-28,jb009,3.1
107865,2018-06-27,jb009,3.12
107854,2018-06-26,jb009,3.16
107846,2018-06-25,jb009,3.18
107840,2018-06-24,jb009,3.2
107833,2018-06-23,jb009,3.14
107825,2018-06-22,jb009,3.22
107822,2018-06-21,jb009,3.28
107815,2018-06-20,jb009,3.36
107806,2018-06-19,jb009,3.4
107799,2018-06-18,jb009,3.86
107795,2018-06-17,jb009,4.5
107786,2018-06-16,jb009,4.7
107780,2018-06-15,jb009,4.78
107769,2018-06-14,jb009,4.82
107766,2018-06-13,jb009,4.86
107761,2018-06-12,jb009,4.88
107748,2018-06-11,jb009,4.6
107741,2018-06-10,jb009,4.72
107740,2018-06-09,jb009,4.76
107730,2018-06-08,jb009,4.8
107722,2018-06-07,jb009,4.84
107715,2018-06-06,jb009,4.88
107711,2018-06-05,jb009,4.78
107704,2018-06-04,jb009,4.56
107698,2018-06-03,jb009,4.0
107685,2018-06-02,jb009,4.66
107684,2018-06-01,jb009,4.6
107676,2018-05-31,jb009,4.56
107664,2018-05-30,jb009,4.4
107663,2018-05-29,jb009,4.38
107652,2018-05-28,jb009,4.12
107645,2018-05-27,jb009,4.08
107638,2018-05-26,jb009,3.88
107634,2018-05-25,jb009,3.82
107624,2018-05-24,jb009,3.66
107621,2018-05-23,jb009,3.06
107609,2018-05-22,jb009,3.0
107607,2018-05-21,jb009,3.02
107594,2018-05-20,jb009,3.08
107588,2018-05-19,jb009,2.7
107582,2018-05-18,jb009,2.72
107577,2018-05-17,jb009,2.8
107569,2018-05-16,jb009,3.02
107561,2018-05-15,jb009,4.08
107554,2018-05-14,jb009,4.38
107546,2018-05-13,jb009,4.3
107538,2018-05-12,jb009,4.48
107536,2018-05-11,jb009,4.56
107530,2018-05-10,jb009,5.0
107522,2018-05-09,jb009,4.64
107513,2018-05-08,jb009,4.6
107503,2018-05-07,jb009,4.9
107498,2018-05-06,jb009,4.92
107495,2018-05-05,jb009,4.9
107487,2018-05-04,jb009,4.98
107481,2018-05-03,jb009,4.8
107468,2018-05-02,jb009,4.94
107462,2018-05-01,jb009,4.7
107460,2018-04-30,jb009,4.42
107449,2018-04-29,jb009,4.56
107445,2018-04-28,jb009,4.66
107435,2018-04-27,jb009,4.78
107427,2018-04-26,jb009,5.16
107422,2018-04-25,jb009,5.44
107415,2018-04-24,jb009,5.62
107409,2018-04-23,jb009,5.72
107402,2018-04-22,jb009,5.46
107391,2018-04-21,jb009,5.2
107388,2018-04-20,jb009,4.92
107380,2018-04-19,jb009,4.72
107374,2018-04-18,jb009,4.4
107364,2018-04-17,jb009,4.5
107360,2018-04-16,jb009,4.58
107350,2018-04-15,jb009,4.32
107347,2018-04-14,jb009,4.24
107338,2018-04-13,jb009,4.28
107330,2018-04-12,jb009,4.32
107321,2018-04-11,jb009,3.02
107315,2018-04-10,jb009,3.14
107313,2018-04-09,jb009,2.74
107300,2018-04-08,jb009,2.0
107294,2018-04-07,jb009,2.0
107291,2018-04-06,jb009,2.08
107280,2018-04-05,jb009,2.1
107275,2018-04-04,jb009,1.7
107267,2018-04-03,jb009,1.54
107259,2018-04-02,jb009,1.5
107257,2018-04-01,jb009,1.52
107245,2018-03-31,jb009,1.6
107243,2018-03-30,jb009,1.7
107233,2018-03-29,jb009,1.8
107224,2018-03-28,jb009,1.84
107217,2018-03-27,jb009,1.88
107213,2018-03-26,jb009,2.26
107207,2018-03-25,jb009,3.42
107196,2018-03-24,jb009,2.0
107190,2018-03-23,jb009,1.7
107181,2018-03-22,jb009,1.74
107179,2018-03-21,jb009,1.94
107173,2018-03-20,jb009,1.8
107160,2018-03-19,jb009,1.98
107156,2018-03-18,jb009,1.74
107146,2018-03-17,jb009,1.78
107140,2018-03-16,jb009,1.8
107137,2018-03-15,jb009,1.84
107126,2018-03-14,jb009,1.88
107120,2018-03-13,jb009,1.94
107114,2018-03-12,jb009,2.04
107104,2018-03-11,jb009,2.2
107099,2018-03-10,jb009,2.6
107095,2018-03-09,jb009,3.02
107086,2018-03-08,jb009,2.5
107079,2018-03-07,jb009,1.72
107069,2018-03-06,jb009,1.88
107068,2018-03-05,jb009,1.72
107056,2018-03-04,jb009,1.0
107050,2018-03-03,jb009,1.0
107047,2018-03-02,jb009,1.0
107038,2018-03-01,jb009,1.0
107027,2018-02-28,jb009,1.0
107022,2018-02-27,jb009,1.0
107015,2018-02-26,jb009,1.0
107011,2018-02-25,jb009,1.0
107005,2018-02-24,jb009,1.0
106996,2018-02-23,jb009,1.0
106985,2018-02-22,jb009,1.0
106984,2018-02-21,jb009,1.0
106971,2018-02-20,jb009,1.0
106968,2018-02-19,jb009,1.0
106963,2018-02-18,jb009,1.0
106955,2018-02-17,jb009,1.0
106948,2018-02-16,jb009,1.0
106942,2018-02-15,jb009,1.0
106933,2018-02-14,jb009,1.0
106928,2018-02-13,jb009,1.0
106921,2018-02-12,jb009,1.0
106908,2018-02-11,jb009,1.0
106901,2018-02-10,jb009,1.0
106900,2018-02-09,jb009,1.0
106893,2018-02-08,jb009,1.0
106884,2018-02-07,jb009,1.0
106877,2018-02-06,jb009,1.0
106871,2018-02-05,jb009,1.0
106859,2018-02-04,jb009,1.0
106856,2018-02-03,jb009,1.0
106848,2018-02-02,jb009,1.0
106840,2018-02-01,jb009,1.0
106831,2018-01-31,jb009,1.0
106829,2018-01-30,jb009,1.0
106822,2018-01-29,jb009,1.0
106810,2018-01-28,jb009,1.0
106803,2018-01-27,jb009,1.0
106797,2018-01-26,jb009,1.0
106789,2018-01-25,jb009,1.0
106787,2018-01-24,jb009,1.0
106778,2018-01-23,jb009,1.0
106768,2018-01-22,jb009,1.0
106763,2018-01-21,jb009,1.0
106756,2018-01-20,jb009,1.0
106748,2018-01-19,jb009,1.0
106746,2018-01-18,jb009,1.0
106736,2018-01-17,jb009,1.0
106726,2018-01-16,jb009,1.0
106720,2018-01-15,jb009,1.0
106712,2018-01-14,jb009,1.0
106708,2018-01-13,jb009,1.0
106698,2018-01-12,jb009,1.0
106695,2018-01-11,jb009,1.0
106687,2018-01-10,jb009,1.0
106677,2018-01-09,jb009,1.0
106670,2018-01-08,jb009,1.0
106666,2018-01-07,jb009,1.0
106658,2018-01-06,jb009,1.0
106649,2018-01-05,jb009,1.0
106643,2018-01-04,jb009,1.0
106641,2018-01-03,jb009,1.0
106634,2018-01-02,jb009,1.0
106623,2018-01-01,jb009,1.0
106618,2017-12-31,jb009,1.0
106608,2017-12-30,jb009,1.0
106602,2017-12-29,jb009,1.0
106598,2017-12-28,jb009,1.0
106586,2017-12-27,jb009,1.0
106584,2017-12-26,jb009,1.0
106572,2017-12-25,jb009,1.0
106567,2017-12-24,jb009,1.0
106558,2017-12-23,jb009,1.0
106556,2017-12-22,jb009,1.0
106547,2017-12-21,jb009,1.0
106538,2017-12-20,jb009,1.0
106533,2017-12-19,jb009,1.0
106523,2017-12-18,jb009,1.0
106519,2017-12-17,jb009,1.0
106510,2017-12-16,jb009,1.0
106503,2017-12-15,jb009,1.0
106497,2017-12-14,jb009,1.0
106488,2017-12-13,jb009,1.0
106487,2017-12-12,jb009,1.0
106477,2017-12-11,jb009,1.0
106473,2017-12-10,jb009,1.0
106462,2017-12-09,jb009,1.0
106458,2017-12-08,jb009,1.0
106446,2017-12-07,jb009,1.0
106441,2017-12-06,jb009,1.0
106433,2017-12-05,jb009,1.0
106430,2017-12-04,jb009,1.0
106423,2017-12-03,jb009,1.0
106413,2017-12-02,jb009,1.0
106404,2017-12-01,jb009,1.0
106398,2017-11-30,jb009,1.02
106395,2017-11-29,jb009,1.08
106385,2017-11-28,jb009,1.1
106380,2017-11-27,jb009,1.18
106369,2017-11-26,jb009,1.22
106368,2017-11-25,jb009,1.68
106355,2017-11-24,jb009,1.8
106350,2017-11-23,jb009,2.0
106342,2017-11-22,jb009,2.48
106338,2017-11-21,jb009,2.64
106329,2017-11-20,jb009,3.0
106320,2017-11-19,jb009,3.08
106315,2017-11-18,jb009,3.22
106311,2017-11-17,jb009,3.48
106303,2017-11-16,jb009,3.86
106294,2017-11-15,jb009,4.08
106287,2017-11-14,jb009,4.29
106282,2017-11-13,jb009,4.6
106277,2017-11-12,jb009,4.52
106267,2017-11-11,jb009,4.76
106257,2017-11-10,jb009,4.82
106253,2017-11-09,jb009,4.84
106248,2017-11-08,jb009,4.98
106239,2017-11-07,jb009,5.1
106229,2017-11-06,jb009,4.74
106227,2017-11-05,jb009,4.48
106216,2017-11-04,jb009,4.42
106213,2017-11-03,jb009,4.28
106204,2017-11-02,jb009,4.18
106197,2017-11-01,jb009,3.96
106192,2017-10-31,jb009,3.9
106185,2017-10-30,jb009,4.04
106178,2017-10-29,jb009,4.26
106171,2017-10-28,jb009,4.56
106163,2017-10-27,jb009,4.46
106156,2017-10-26,jb009,4.52
106146,2017-10-25,jb009,4.52
106139,2017-10-24,jb009,4.0
106131,2017-10-23,jb009,3.9
106124,2017-10-22,jb009,3.96
106119,2017-10-21,jb009,4.48
106113,2017-10-20,jb009,4.0
106103,2017-10-19,jb009,3.9
106096,2017-10-18,jb009,4.02
106091,2017-10-17,jb009,4.24
106084,2017-10-16,jb009,4.2
106081,2017-10-15,jb009,3.98
106074,2017-10-14,jb009,3.66
106067,2017-10-13,jb009,3.34
106059,2017-10-12,jb009,3.24
106050,2017-10-11,jb009,3.26
106045,2017-10-10,jb009,3.3
106038,2017-10-09,jb009,3.52
106029,2017-10-08,jb009,3.72
106022,2017-10-07,jb009,4.04
106014,2017-10-06,jb009,4.3
106006,2017-10-05,jb009,4.14
105999,2017-10-04,jb009,4.4
105994,2017-10-03,jb009,3.72
105987,2017-10-02,jb009,3.42
105980,2017-10-01,jb009,3.54
105971,2017-09-30,jb009,3.74
105968,2017-09-29,jb009,3.88
105957,2017-09-28,jb009,4.12
105950,2017-09-27,jb009,4.08
105942,2017-09-26,jb009,4.14
105941,2017-09-25,jb009,3.84
105933,2017-09-24,jb009,3.88
105927,2017-09-23,jb009,3.86
105915,2017-09-22,jb009,3.58
105911,2017-09-21,jb009,3.22
105903,2017-09-20,jb009,2.98
105896,2017-09-19,jb009,3.0
105888,2017-09-18,jb009,3.28
105879,2017-09-17,jb009,3.2
105873,2017-09-16,jb009,3.3
105870,2017-09-15,jb009,3.36
105858,2017-09-14,jb009,3.32
105855,2017-09-13,jb009,3.22
105850,2017-09-12,jb009,3.26
105843,2017-09-11,jb009,3.42
105831,2017-09-10,jb009,3.48
105824,2017-09-09,jb009,3.52
105820,2017-09-08,jb009,3.34
105814,2017-09-07,jb009,3.06
105805,2017-09-06,jb009,3.04
105797,2017-09-05,jb009,2.98
105794,2017-09-04,jb009,3.16
105784,2017-09-03,jb009,2.68
105776,2017-09-02,jb009,2.64
105771,2017-09-01,jb009,2.58
105763,2017-08-31,jb009,2.74
105754,2017-08-30,jb009,2.8
105746,2017-08-29,jb009,2.84
105741,2017-08-28,jb009,2.68
105738,2017-08-27,jb009,2.4
105727,2017-08-26,jb009,2.42
105722,2017-08-25,jb009,2.52
105714,2017-08-24,jb009,2.68
105709,2017-08-23,jb009,2.8
105700,2017-08-22,jb009,2.98
105690,2017-08-21,jb009,2.78
105684,2017-08-20,jb009,2.74
105678,2017-08-19,jb009,2.46
105671,2017-08-18,jb009,2.48
105663,2017-08-17,jb009,2.42
105655,2017-08-16,jb009,2.46
105652,2017-08-15,jb009,2.56
105646,2017-08-14,jb009,2.52
105637,2017-08-13,jb009,2.04
105629,2017-08-12,jb009,2.08
105625,2017-08-11,jb009,2.0
105615,2017-08-10,jb009,2.06
105611,2017-08-09,jb009,2.04
105600,2017-08-08,jb009,2.1
105594,2017-08-07,jb009,2.16
105591,2017-08-06,jb009,2.1
105578,2017-08-05,jb009,2.06
105576,2017-08-04,jb009,2.08
105569,2017-08-03,jb009,2.02
105557,2017-08-02,jb009,2.08
105556,2017-08-01,jb009,2.04
105545,2017-07-31,jb009,2.06
105538,2017-07-30,jb009,2.02
105533,2017-07-29,jb009,1.92
105522,2017-07-28,jb009,1.96
105516,2017-07-27,jb009,2.12
105509,2017-07-26,jb009,2.16
105503,2017-07-25,jb009,1.98
105499,2017-07-24,jb009,1.8
105490,2017-07-23,jb009,1.84
105481,2017-07-22,jb009,1.86
105473,2017-07-21,jb009,1.9
105471,2017-07-20,jb009,1.94
105465,2017-07-19,jb009,1.92
105452,2017-07-18,jb009,1.88
105447,2017-07-17,jb009,1.86
105440,2017-07-16,jb009,1.6
105437,2017-07-15,jb009,1.64
105424,2017-07-14,jb009,1.68
105421,2017-07-13,jb009,1.76
105410,2017-07-12,jb009,1.64
105407,2017-07-11,jb009,1.46
105396,2017-07-10,jb009,1.5
105391,2017-07-09,jb009,1.58
105384,2017-07-08,jb009,1.68
105379,2017-07-07,jb009,1.68
105370,2017-07-06,jb009,1.6
105366,2017-07-05,jb009,1.64
105356,2017-07-04,jb009,1.66
105350,2017-07-03,jb009,1.56
105340,2017-07-02,jb009,1.58
105339,2017-07-01,jb009,1.64
105332,2017-06-30,jb009,1.66
105324,2017-06-29,jb009,1.62
105318,2017-06-28,jb009,1.68
105310,2017-06-27,jb009,1.7
105300,2017-06-26,jb009,1.8
105293,2017-06-25,jb009,1.84
105290,2017-06-24,jb009,1.9
105281,2017-06-23,jb009,1.92
105273,2017-06-22,jb009,2.0
105268,2017-06-21,jb009,2.06
105259,2017-06-20,jb009,2.1
105250,2017-06-19,jb009,2.12
105247,2017-06-18,jb009,2.2
105238,2017-06-17,jb009,1.96
105229,2017-06-16,jb009,1.88
105225,2017-06-15,jb009,1.86
105220,2017-06-14,jb009,2.06
105212,2017-06-13,jb009,2.18
105200,2017-06-12,jb009,2.22
105195,2017-06-11,jb009,2.28
105191,2017-06-10,jb009,2.36
105183,2017-06-09,jb009,2.44
105174,2017-06-08,jb009,2.58
105169,2017-06-07,jb009,2.74
105161,2017-06-06,jb009,2.96
105157,2017-06-05,jb009,3.04
105144,2017-06-04,jb009,3.14
105142,2017-06-03,jb009,3.98
105133,2017-06-02,jb009,3.86
105125,2017-06-01,jb009,2.56
105122,2017-05-31,jb009,2.48
105114,2017-05-30,jb009,2.4
105108,2017-05-29,jb009,2.3
105096,2017-05-28,jb009,2.54
105094,2017-05-27,jb009,2.66
105083,2017-05-26,jb009,2.6
105077,2017-05-25,jb009,2.68
105069,2017-05-24,jb009,2.56
105062,2017-05-23,jb009,2.84
105055,2017-05-22,jb009,2.26
105047,2017-05-21,jb009,2.18
105045,2017-05-20,jb009,2.12
105033,2017-05-19,jb009,1.3
105028,2017-05-18,jb009,1.36
105023,2017-05-17,jb009,1.6
105013,2017-05-16,jb009,2.0
105006,2017-05-15,jb009,2.02
105003,2017-05-14,jb009,2.08
104992,2017-05-13,jb009,2.12
104987,2017-05-12,jb009,2.34
104976,2017-05-11,jb009,2.84
104969,2017-05-10,jb009,2.98
104968,2017-05-09,jb009,2.9
104955,2017-05-08,jb009,3.2
104953,2017-05-07,jb009,3.16
104944,2017-05-06,jb009,3.94
104940,2017-05-05,jb009,3.36
104930,2017-05-04,jb009,2.86
104925,2017-05-03,jb009,3.02
104919,2017-05-02,jb009,2.88
104907,2017-05-01,jb009,1.76
104899,2017-04-30,jb009,1.9
104895,2017-04-29,jb009,1.86
104888,2017-04-28,jb009,1.88
104879,2017-04-27,jb009,1.42
104871,2017-04-26,jb009,1.28
104865,2017-04-25,jb009,1.3
104862,2017-04-24,jb009,1.34
104852,2017-04-23,jb009,1.4
104845,2017-04-22,jb009,1.68
104838,2017-04-21,jb009,1.8
104834,2017-04-20,jb009,2.02
104827,2017-04-19,jb009,1.46
104821,2017-04-18,jb009,1.26
104812,2017-04-17,jb009,1.12
104803,2017-04-16,jb009,1.16
104800,2017-04-15,jb009,1.28
104787,2017-04-14,jb009,1.3
104784,2017-04-13,jb009,1.36
104776,2017-04-12,jb009,1.4
104769,2017-04-11,jb009,1.4
104764,2017-04-10,jb009,1.42
104756,2017-04-09,jb009,1.38
104747,2017-04-08,jb009,1.4
104739,2017-04-07,jb009,1.44
104731,2017-04-06,jb009,1.42
104728,2017-04-05,jb009,1.38
104721,2017-04-04,jb009,1.4
104711,2017-04-03,jb009,1.32
104706,2017-04-02,jb009,1.26
104702,2017-04-01,jb009,1.0
104689,2017-03-31,jb009,1.0
104687,2017-03-30,jb009,1.0
104681,2017-03-29,jb009,1.0
104674,2017-03-28,jb009,1.0
104664,2017-03-27,jb009,1.0
104655,2017-03-26,jb009,1.0
104649,2017-03-25,jb009,1.0
104642,2017-03-24,jb009,1.0
104636,2017-03-23,jb009,1.0
104629,2017-03-22,jb009,1.0
104619,2017-03-21,jb009,1.0
104612,2017-03-20,jb009,1.0
104605,2017-03-19,jb009,1.0
104603,2017-03-18,jb009,1.0
104591,2017-03-17,jb009,1.0
104585,2017-03-16,jb009,1.0
104579,2017-03-15,jb009,1.0
104575,2017-03-14,jb009,1.0
104564,2017-03-13,jb009,1.0
104562,2017-03-12,jb009,1.0
104555,2017-03-11,jb009,1.0
104543,2017-03-10,jb009,1.0
104541,2017-03-09,jb009,1.0
104533,2017-03-08,jb009,1.0
104522,2017-03-07,jb009,1.0
104518,2017-03-06,jb009,1.0
104513,2017-03-05,jb009,1.0
104501,2017-03-04,jb009,1.0
104495,2017-03-03,jb009,1.0
104487,2017-03-02,jb009,1.0
104484,2017-03-01,jb009,1.0
104473,2017-02-28,jb009,1.0
104466,2017-02-27,jb009,1.0
104464,2017-02-26,jb009,1.0
104455,2017-02-25,jb009,1.0
104448,2017-02-24,jb009,1.0
104442,2017-02-23,jb009,1.0
104435,2017-02-22,jb009,1.0
104429,2017-02-21,jb009,1.0
104419,2017-02-20,jb009,1.0
104414,2017-02-19,jb009,1.0
104408,2017-02-18,jb009,1.0
104401,2017-02-17,jb009,1.0
104390,2017-02-16,jb009,1.0
104381,2017-02-15,jb009,1.0
104377,2017-02-14,jb009,1.0
104368,2017-02-13,jb009,1.0
104361,2017-02-12,jb009,1.0
104353,2017-02-11,jb009,1.0
104350,2017-02-10,jb009,1.0
104343,2017-02-09,jb009,1.0
104335,2017-02-08,jb009,1.0
104331,2017-02-07,jb009,1.0
104318,2017-02-06,jb009,1.0
104313,2017-02-05,jb009,1.0
104305,2017-02-04,jb009,1.0
104300,2017-02-03,jb009,1.0
104291,2017-02-02,jb009,1.0
104286,2017-02-01,jb009,1.0
104276,2017-01-31,jb009,1.0
104270,2017-01-30,jb009,1.0
104266,2017-01-29,jb009,1.0
104258,2017-01-28,jb009,1.0
104254,2017-01-27,jb009,1.0
104244,2017-01-26,jb009,1.0
104239,2017-01-25,jb009,1.0
104230,2017-01-24,jb009,1.0
104226,2017-01-23,jb009,1.0
104218,2017-01-22,jb009,1.0
104211,2017-01-21,jb009,1.0
104203,2017-01-20,jb009,1.0
104194,2017-01-19,jb009,1.0
104191,2017-01-18,jb009,1.02
104182,2017-01-17,jb009,1.04
104176,2017-01-16,jb009,1.06
104166,2017-01-15,jb009,1.06
104158,2017-01-14,jb009,1.08
104150,2017-01-13,jb009,1.1
104146,2017-01-12,jb009,1.12
104142,2017-01-11,jb009,1.14
104130,2017-01-10,jb009,1.16
104123,2017-01-09,jb009,1.18
104115,2017-01-08,jb009,1.2
104110,2017-01-07,jb009,1.22
104102,2017-01-06,jb009,1.24
104098,2017-01-05,jb009,1.28
104090,2017-01-04,jb009,1.3
104086,2017-01-03,jb009,1.32
104078,2017-01-02,jb009,1.38
104067,2017-01-01,jb009,1.4
104060,2016-12-31,jb009,
104058,2016-12-30,jb009,1.36
104047,2016-12-29,jb009,1.4
104038,2016-12-28,jb009,1.42
104032,2016-12-27,jb009,1.46
104026,2016-12-26,jb009,1.48
104023,2016-12-25,jb009,1.52
104012,2016-12-24,jb009,1.56
104007,2016-12-23,jb009,1.64
103996,2016-12-22,jb009,1.68
103992,2016-12-21,jb009,1.74
103983,2016-12-20,jb009,1.8
103975,2016-12-19,jb009,1.82
103972,2016-12-18,jb009,1.92
103965,2016-12-17,jb009,1.94
103956,2016-12-16,jb009,2.04
103953,2016-12-15,jb009,2.1
103942,2016-12-14,jb009,2.12
103934,2016-12-13,jb009,2.18
103929,2016-12-12,jb009,2.72
103921,2016-12-11,jb009,2.78
103914,2016-12-10,jb009,2.86
103909,2016-12-09,jb009,2.76
103901,2016-12-08,jb009,3.06
103896,2016-12-07,jb009,2.9
103887,2016-12-06,jb009,2.84
103882,2016-12-05,jb009,3.34
103873,2016-12-04,jb009,3.1
103863,2016-12-03,jb009,2.48
103861,2016-12-02,jb009,2.36
103854,2016-12-01,jb009,2.5
103845,2016-11-30,jb009,2.54
103839,2016-11-29,jb009,2.5
103833,2016-11-28,jb009,1.86
103822,2016-11-27,jb009,1.66
103817,2016-11-26,jb009,1.76
103807,2016-11-25,jb009,1.82
103802,2016-11-24,jb009,1.86
103795,2016-11-23,jb009,1.72
103792,2016-11-22,jb009,1.82
103780,2016-11-21,jb009,1.88
103776,2016-11-20,jb009,2.18
103768,2016-11-19,jb009,2.46
103759,2016-11-18,jb009,2.82
103754,2016-11-17,jb009,2.8
103744,2016-11-16,jb009,2.68
103742,2016-11-15,jb009,2.46
103736,2016-11-14,jb009,2.4
103728,2016-11-13,jb009,2.42
103716,2016-11-12,jb009,2.44
103709,2016-11-11,jb009,2.4
103707,2016-11-10,jb009,2.68
103696,2016-11-09,jb009,3.2
103688,2016-11-08,jb009,3.06
103687,2016-11-07,jb009,3.04
103674,2016-11-06,jb009,3.0
103671,2016-11-05,jb009,3.64
103661,2016-11-04,jb009,3.58
103655,2016-11-03,jb009,3.7
103651,2016-11-02,jb009,3.82
103644,2016-11-01,jb009,3.86
103636,2016-10-31,jb009,4.02
103631,2016-10-30,jb009,4.0
103618,2016-10-29,jb009,3.58
103614,2016-10-28,jb009,3.8
103607,2016-10-27,jb009,3.66
103598,2016-10-26,jb009,3.68
103594,2016-10-25,jb009,3.62
103588,2016-10-24,jb009,3.12
103576,2016-10-23,jb009,3.14
103572,2016-10-22,jb009,3.06
103562,2016-10-21,jb009,3.1
103556,2016-10-20,jb009,3.1
103552,2016-10-19,jb009,3.06
103542,2016-10-18,jb009,3.08
103537,2016-10-17,jb009,2.82
103533,2016-10-16,jb009,2.72
103521,2016-10-15,jb009,2.88
103518,2016-10-14,jb009,2.7
103507,2016-10-13,jb009,2.74
103505,2016-10-12,jb009,2.64
103498,2016-10-11,jb009,2.74
103488,2016-10-10,jb009,2.68
103482,2016-10-09,jb009,2.66
103475,2016-10-08,jb009,2.56
103466,2016-10-07,jb009,2.38
103460,2016-10-06,jb009,2.14
103452,2016-10-05,jb009,2.16
103445,2016-10-04,jb009,2.22
103437,2016-10-03,jb009,2.16
103433,2016-10-02,jb009,2.12
103423,2016-10-01,jb009,2.16
103420,2016-09-30,jb009,2.14
103413,2016-09-29,jb009,2.16
103405,2016-09-28,jb009,2.18
103395,2016-09-27,jb009,2.14
103387,2016-09-26,jb009,2.1
103386,2016-09-25,jb009,2.14
103379,2016-09-24,jb009,2.1
103367,2016-09-23,jb009,2.08
103365,2016-09-22,jb009,2.02
103356,2016-09-21,jb009,1.8
103347,2016-09-20,jb009,1.82
103342,2016-09-19,jb009,1.78
103334,2016-09-18,jb009,1.82
103327,2016-09-17,jb009,1.72
103319,2016-09-16,jb009,1.76
103316,2016-09-15,jb009,1.8
103307,2016-09-14,jb009,1.72
103301,2016-09-13,jb009,1.78
103294,2016-09-12,jb009,1.8
103285,2016-09-11,jb009,2.02
103280,2016-09-10,jb009,2.04
103270,2016-09-09,jb009,2.08
103267,2016-09-08,jb009,2.1
103255,2016-09-07,jb009,2.14
103248,2016-09-06,jb009,2.2
103241,2016-09-05,jb009,2.22
103237,2016-09-04,jb009,2.36
103231,2016-09-03,jb009,2.4
103225,2016-09-02,jb009,2.46
103212,2016-09-01,jb009,2.56
103209,2016-08-31,jb009,2.5
103199,2016-08-30,jb009,2.68
103191,2016-08-29,jb009,2.56
103185,2016-08-28,jb009,2.56
103181,2016-08-27,jb009,2.34
103176,2016-08-26,jb009,2.3
103169,2016-08-25,jb009,1.2
103156,2016-08-24,jb009,1.86
103150,2016-08-23,jb009,2.0
103143,2016-08-22,jb009,2.34
103135,2016-08-21,jb009,2.68
103132,2016-08-20,jb009,2.66
103123,2016-08-19,jb009,2.62
103120,2016-08-18,jb009,2.66
103109,2016-08-17,jb009,2.68
103102,2016-08-16,jb009,2.7
103096,2016-08-15,jb009,2.68
103090,2016-08-14,jb009,2.62
103080,2016-08-13,jb009,2.64
103076,2016-08-12,jb009,2.6
103065,2016-08-11,jb009,2.58
103059,2016-08-10,jb009,2.52
103054,2016-08-09,jb009,2.38
103050,2016-08-08,jb009,2.32
103040,2016-08-07,jb009,2.1
103034,2016-08-06,jb009,2.0
103024,2016-08-05,jb009,2.1
103016,2016-08-04,jb009,2.12
103014,2016-08-03,jb009,2.02
103004,2016-08-02,jb009,2.04
102998,2016-08-01,jb009,2.12
102989,2016-07-31,jb009,
102982,2016-07-30,jb009,2.24
102976,2016-07-29,jb009,2.38
102969,2016-07-28,jb009,2.54
102960,2016-07-27,jb009,2.52
102954,2016-07-26,jb009,2.4
102951,2016-07-25,jb009,2.28
102939,2016-07-24,jb009,2.3
102932,2016-07-23,jb009,2.32
102925,2016-07-22,jb009,2.36
102920,2016-07-21,jb009,2.38
102916,2016-07-20,jb009,2.36
102908,2016-07-19,jb009,2.32
102902,2016-07-18,jb009,1.68
102893,2016-07-17,jb009,1.08
102887,2016-07-16,jb009,1.08
102877,2016-07-15,jb009,1.1
102871,2016-07-14,jb009,1.12
102864,2016-07-13,jb009,1.14
102857,2016-07-12,jb009,1.16
102850,2016-07-11,jb009,1.2
102843,2016-07-10,jb009,1.26
102836,2016-07-09,jb009,1.3
102830,2016-07-08,jb009,1.36
102825,2016-07-07,jb009,1.4
102819,2016-07-06,jb009,1.54
102809,2016-07-05,jb009,1.46
102803,2016-07-04,jb009,1.8
102793,2016-07-03,jb009,1.48
102786,2016-07-02,jb009,1.5
102780,2016-07-01,jb009,1.5
102772,2016-06-30,jb009,1.52
102766,2016-06-29,jb009,1.52
102762,2016-06-28,jb009,1.52
102750,2016-06-27,jb009,1.54
102749,2016-06-26,jb009,1.56
102737,2016-06-25,jb009,1.54
102729,2016-06-24,jb009,1.56
102725,2016-06-23,jb009,1.58
102718,2016-06-22,jb009,1.58
102708,2016-06-21,jb009,1.6
102704,2016-06-20,jb009,1.62
102697,2016-06-19,jb009,1.64
102689,2016-06-18,jb009,1.68
102682,2016-06-17,jb009,1.68
102677,2016-06-16,jb009,1.7
102672,2016-06-15,jb009,1.74
102664,2016-06-14,jb009,1.76
102652,2016-06-13,jb009,1.8
102646,2016-06-12,jb009,1.94
102642,2016-06-11,jb009,1.98
102635,2016-06-10,jb009,2.0
102629,2016-06-09,jb009,2.06
102619,2016-06-08,jb009,2.64
102613,2016-06-07,jb009,2.68
102608,2016-06-06,jb009,2.88
102602,2016-06-05,jb009,3.0
102593,2016-06-04,jb009,3.02
102586,2016-06-03,jb009,3.06
102580,2016-06-02,jb009,3.12
102571,2016-06-01,jb009,3.16
102566,2016-05-31,jb009,
102554,2016-05-30,jb009,3.2
102547,2016-05-29,jb009,3.22
102544,2016-05-28,jb009,3.24
102534,2016-05-27,jb009,3.28
102532,2016-05-26,jb009,3.34
102522,2016-05-25,jb009,3.36
102514,2016-05-24,jb009,3.38
102507,2016-05-23,jb009,3.56
102498,2016-05-22,jb009,3.88
102496,2016-05-21,jb009,4.54
102488,2016-05-20,jb009,4.5
102481,2016-05-19,jb009,4.68
102471,2016-05-18,jb009,4.7
102467,2016-05-17,jb009,4.6
102457,2016-05-16,jb009,5.04
102455,2016-05-15,jb009,5.0
102448,2016-05-14,jb009,4.92
102435,2016-05-13,jb009,4.9
102432,2016-05-12,jb009,4.68
102421,2016-05-11,jb009,4.92
102414,2016-05-10,jb009,4.76
102412,2016-05-09,jb009,4.78
102405,2016-05-08,jb009,5.22
102395,2016-05-07,jb009,5.18
102388,2016-05-06,jb009,4.94
102385,2016-05-05,jb009,3.84
102378,2016-05-04,jb009,4.1
102367,2016-05-03,jb009,4.18
102358,2016-05-02,jb009,4.22
102356,2016-05-01,jb009,4.12
102345,2016-04-30,jb009,3.04
102337,2016-04-29,jb009,3.16
102332,2016-04-28,jb009,3.1
102325,2016-04-27,jb009,2.54
102316,2016-04-26,jb009,2.58
102314,2016-04-25,jb009,2.72
102302,2016-04-24,jb009,2.6
102301,2016-04-23,jb009,2.68
102288,2016-04-22,jb009,2.8
102285,2016-04-21,jb009,2.84
102275,2016-04-20,jb009,3.04
102268,2016-04-19,jb009,3.32
102262,2016-04-18,jb009,3.26
102255,2016-04-17,jb009,2.08
102247,2016-04-16,jb009,2.12
102243,2016-04-15,jb009,2.04
102238,2016-04-14,jb009,1.82
102228,2016-04-13,jb009,1.52
102220,2016-04-12,jb009,2.0
102217,2016-04-11,jb009,1.0
102207,2016-04-10,jb009,1.0
102203,2016-04-09,jb009,1.0
102196,2016-04-08,jb009,1.0
102184,2016-04-07,jb009,1.0
102181,2016-04-06,jb009,1.0
102170,2016-04-05,jb009,1.0
102163,2016-04-04,jb009,1.0
102157,2016-04-03,jb009,1.0
102149,2016-04-02,jb009,1.0
102142,2016-04-01,jb009,1.0
102138,2016-03-31,jb009,1.0
102133,2016-03-30,jb009,1.0
102123,2016-03-29,jb009,1.0
102119,2016-03-28,jb009,1.0
102108,2016-03-27,jb009,1.0
102105,2016-03-26,jb009,1.0
102093,2016-03-25,jb009,1.0
102089,2016-03-24,jb009,1.0
102080,2016-03-23,jb009,1.0
102077,2016-03-22,jb009,1.0
102066,2016-03-21,jb009,1.0
102061,2016-03-20,jb009,1.0
102050,2016-03-19,jb009,1.0
102045,2016-03-18,jb009,1.0
102038,2016-03-17,jb009,1.0
102031,2016-03-16,jb009,1.0
102027,2016-03-15,jb009,1.0
102017,2016-03-14,jb009,1.0
102009,2016-03-13,jb009,1.0
102007,2016-03-12,jb009,1.0
101994,2016-03-11,jb009,1.0
101993,2016-03-10,jb009,1.0
101984,2016-03-09,jb009,1.0
101974,2016-03-08,jb009,1.0
101968,2016-03-07,jb009,1.0
101965,2016-03-06,jb009,1.0
101953,2016-03-05,jb009,1.0
101945,2016-03-04,jb009,1.0
101940,2016-03-03,jb009,1.0
101933,2016-03-02,jb009,1.0
101926,2016-03-01,jb009,1.0
101920,2016-02-29,jb009,1.0
101911,2016-02-28,jb009,1.0
101907,2016-02-27,jb009,1.0
101896,2016-02-26,jb009,1.0
101890,2016-02-25,jb009,1.0
101883,2016-02-24,jb009,1.0
101881,2016-02-23,jb009,1.0
101869,2016-02-22,jb009,1.0
101862,2016-02-21,jb009,1.0
101859,2016-02-20,jb009,1.0
101849,2016-02-19,jb009,1.02
101844,2016-02-18,jb009,1.02
101836,2016-02-17,jb009,1.02
101826,2016-02-16,jb009,1.02
101824,2016-02-15,jb009,1.04
101812,2016-02-14,jb009,1.04
101806,2016-02-13,jb009,1.04
101804,2016-02-12,jb009,1.06
101792,2016-02-11,jb009,1.06
101784,2016-02-10,jb009,1.06
101779,2016-02-09,jb009,1.08
101771,2016-02-08,jb009,1.08
101769,2016-02-07,jb009,1.08
101757,2016-02-06,jb009,1.1
101752,2016-02-05,jb009,1.1
101748,2016-02-04,jb009,1.1
101737,2016-02-03,jb009,1.12
101732,2016-02-02,jb009,1.12
101727,2016-02-01,jb009,1.12
101719,2016-01-31,jb009,1.12
101711,2016-01-30,jb009,1.14
101705,2016-01-29,jb009,1.16
101696,2016-01-28,jb009,1.18
101688,2016-01-27,jb009,1.2
101680,2016-01-26,jb009,1.2
101678,2016-01-25,jb009,1.22
101670,2016-01-24,jb009,1.24
101658,2016-01-23,jb009,1.26
101657,2016-01-22,jb009,1.26
101647,2016-01-21,jb009,1.28
101642,2016-01-20,jb009,1.3
101634,2016-01-19,jb009,1.3
101626,2016-01-18,jb009,1.32
101618,2016-01-17,jb009,1.34
101615,2016-01-16,jb009,1.36
101603,2016-01-15,jb009,1.38
101599,2016-01-14,jb009,1.38
101591,2016-01-13,jb009,1.4
101585,2016-01-12,jb009,1.42
101574,2016-01-11,jb009,1.46
101572,2016-01-10,jb009,1.46
101561,2016-01-09,jb009,1.48
101555,2016-01-08,jb009,1.5
101546,2016-01-07,jb009,1.5
101542,2016-01-06,jb009,1.54
101533,2016-01-05,jb009,1.56
101525,2016-01-04,jb009,1.58
101518,2016-01-03,jb009,1.6
101517,2016-01-02,jb009,1.62
101508,2016-01-01,jb009,1.66
101497,2015-12-31,jb009,1.72
101494,2015-12-30,jb009,1.72
101485,2015-12-29,jb009,1.74
101482,2015-12-28,jb009,1.76
101473,2015-12-27,jb009,1.82
101463,2015-12-26,jb009,1.82
101459,2015-12-25,jb009,1.84
101452,2015-12-24,jb009,1.84
101444,2015-12-23,jb009,1.86
101438,2015-12-22,jb009,1.86
101428,2015-12-21,jb009,1.86
101426,2015-12-20,jb009,1.88
101417,2015-12-19,jb009,1.9
101406,2015-12-18,jb009,1.9
101401,2015-12-17,jb009,1.92
101397,2015-12-16,jb009,1.92
101390,2015-12-15,jb009,1.94
101383,2015-12-14,jb009,2.02
101374,2015-12-13,jb009,2.04
101368,2015-12-12,jb009,2.06
101357,2015-12-11,jb009,2.08
101350,2015-12-10,jb009,2.12
101347,2015-12-09,jb009,2.16
101337,2015-12-08,jb009,2.18
101332,2015-12-07,jb009,2.2
101326,2015-12-06,jb009,2.38
101317,2015-12-05,jb009,2.4
101311,2015-12-04,jb009,2.46
101304,2015-12-03,jb009,2.5
101295,2015-12-02,jb009,2.52
101289,2015-12-01,jb009,2.56
101286,2015-11-30,jb009,2.66
101277,2015-11-29,jb009,2.86
101272,2015-11-28,jb009,2.9
101263,2015-11-27,jb009,2.92
101257,2015-11-26,jb009,2.86
101245,2015-11-25,jb009,3.46
101238,2015-11-24,jb009,3.94
101231,2015-11-23,jb009,3.16
101227,2015-11-22,jb009,3.18
101222,2015-11-21,jb009,3.38
101212,2015-11-20,jb009,3.46
101206,2015-11-19,jb009,3.56
101200,2015-11-18,jb009,3.68
101194,2015-11-17,jb009,3.48
101185,2015-11-16,jb009,3.6
101177,2015-11-15,jb009,3.68
101174,2015-11-14,jb009,4.08
101161,2015-11-13,jb009,4.24
101155,2015-11-12,jb009,4.26
101150,2015-11-11,jb009,5.08
101140,2015-11-10,jb009,3.78
101136,2015-11-09,jb009,3.48
101132,2015-11-08,jb009,3.4
101125,2015-11-07,jb009,3.16
101113,2015-11-06,jb009,3.18
101106,2015-11-05,jb009,3.64
101102,2015-11-04,jb009,3.6
101095,2015-11-03,jb009,3.02
101087,2015-11-02,jb009,2.96
101082,2015-11-01,jb009,2.68
101070,2015-10-31,jb009,2.72
101069,2015-10-30,jb009,2.92
101059,2015-10-29,jb009,3.12
101052,2015-10-28,jb009,2.98
101045,2015-10-27,jb009,2.88
101039,2015-10-26,jb009,3.14
101034,2015-10-25,jb009,2.98
101027,2015-10-24,jb009,2.78
101018,2015-10-23,jb009,2.66
101009,2015-10-22,jb009,2.64
101004,2015-10-21,jb009,2.62
100993,2015-10-20,jb009,2.58
100986,2015-10-19,jb009,2.52
100979,2015-10-18,jb009,2.52
100975,2015-10-17,jb009,2.46
100966,2015-10-16,jb009,2.42
100962,2015-10-15,jb009,2.38
100956,2015-10-14,jb009,2.32
100947,2015-10-13,jb009,2.34
100938,2015-10-12,jb009,2.32
100934,2015-10-11,jb009,2.34
100923,2015-10-10,jb009,2.36
100917,2015-10-09,jb009,2.32
100909,2015-10-08,jb009,2.34
100904,2015-10-07,jb009,2.34
100900,2015-10-06,jb009,2.26
100892,2015-10-05,jb009,2.18
100884,2015-10-04,jb009,2.16
100880,2015-10-03,jb009,2.1
100867,2015-10-02,jb009,2.08
100861,2015-10-01,jb009,2.1
100853,2015-09-30,jb009,2.08
100846,2015-09-29,jb009,2.08
100843,2015-09-28,jb009,2.06
100835,2015-09-27,jb009,2.08
100827,2015-09-26,jb009,2.1
100824,2015-09-25,jb009,2.12
100816,2015-09-24,jb009,2.1
100804,2015-09-23,jb009,2.1
100802,2015-09-22,jb009,2.08
100795,2015-09-21,jb009,2.08
100786,2015-09-20,jb009,2.1
100778,2015-09-19,jb009,2.14
100770,2015-09-18,jb009,2.12
100765,2015-09-17,jb009,2.14
100761,2015-09-16,jb009,2.16
100749,2015-09-15,jb009,2.18
100744,2015-09-14,jb009,2.22
100740,2015-09-13,jb009,2.22
100730,2015-09-12,jb009,2.2
100721,2015-09-11,jb009,2.18
100718,2015-09-10,jb009,2.18
100706,2015-09-09,jb009,2.16
100704,2015-09-08,jb009,2.18
100692,2015-09-07,jb009,2.2
100690,2015-09-06,jb009,2.24
100684,2015-09-05,jb009,2.26
100676,2015-09-04,jb009,2.28
100667,2015-09-03,jb009,2.32
100663,2015-09-02,jb009,2.26
100655,2015-09-01,jb009,2.3
100649,2015-08-31,jb009,2.28
100641,2015-08-30,jb009,2.26
100635,2015-08-29,jb009,2.24
100627,2015-08-28,jb009,2.2
100621,2015-08-27,jb009,2.16
100608,2015-08-26,jb009,2.12
100606,2015-08-25,jb009,2.16
100598,2015-08-24,jb009,2.22
100588,2015-08-23,jb009,2.28
100581,2015-08-22,jb009,2.3
100573,2015-08-21,jb009,2.42
100572,2015-08-20,jb009,2.48
100563,2015-08-19,jb009,2.54
100554,2015-08-18,jb009,2.56
100550,2015-08-17,jb009,2.58
100542,2015-08-16,jb009,2.62
100533,2015-08-15,jb009,2.64
100525,2015-08-14,jb009,2.68
100523,2015-08-13,jb009,2.7
100516,2015-08-12,jb009,2.74
100507,2015-08-11,jb009,2.68
100496,2015-08-10,jb009,2.62
100491,2015-08-09,jb009,2.64
100486,2015-08-08,jb009,2.62
100478,2015-08-07,jb009,2.6
100470,2015-08-06,jb009,2.56
100461,2015-08-05,jb009,2.52
100454,2015-08-04,jb009,2.54
100453,2015-08-03,jb009,2.54
100441,2015-08-02,jb009,2.56
100437,2015-08-01,jb009,2.58
100430,2015-07-31,jb009,2.6
100424,2015-07-30,jb009,2.6
100414,2015-07-29,jb009,2.64
100407,2015-07-28,jb009,2.68
100403,2015-07-27,jb009,2.7
100393,2015-07-26,jb009,2.7
100386,2015-07-25,jb009,2.72
100378,2015-07-24,jb009,2.76
100372,2015-07-23,jb009,2.8
100366,2015-07-22,jb009,2.82
100360,2015-07-21,jb009,2.8
100354,2015-07-20,jb009,2.76
100347,2015-07-19,jb009,2.78
100338,2015-07-18,jb009,2.82
100328,2015-07-17,jb009,2.86
100324,2015-07-16,jb009,2.82
100317,2015-07-15,jb009,2.2
100310,2015-07-14,jb009,2.22
100304,2015-07-13,jb009,2.24
100298,2015-07-12,jb009,2.26
100290,2015-07-11,jb009,2.28
100285,2015-07-10,jb009,2.26
100274,2015-07-09,jb009,2.3
100267,2015-07-08,jb009,2.32
100258,2015-07-07,jb009,2.38
100254,2015-07-06,jb009,2.42
100249,2015-07-05,jb009,2.46
100237,2015-07-04,jb009,2.48
100232,2015-07-03,jb009,2.42
100229,2015-07-02,jb009,2.38
100220,2015-07-01,jb009,2.32
100212,2015-06-30,jb009,2.54
100204,2015-06-29,jb009,2.52
100199,2015-06-28,jb009,2.56
100188,2015-06-27,jb009,2.58
100183,2015-06-26,jb009,2.62
100175,2015-06-25,jb009,2.6
100171,2015-06-24,jb009,2.64
100162,2015-06-23,jb009,2.66
100154,2015-06-22,jb009,2.72
100150,2015-06-21,jb009,2.74
100143,2015-06-20,jb009,2.78
100135,2015-06-19,jb009,2.8
100129,2015-06-18,jb009,2.82
100119,2015-06-17,jb009,2.82
100114,2015-06-16,jb009,2.84
100105,2015-06-15,jb009,2.64
100099,2015-06-14,jb009,2.9
100096,2015-06-13,jb009,3.1
100084,2015-06-12,jb009,3.0
100079,2015-06-11,jb009,3.1
100074,2015-06-10,jb009,3.12
100063,2015-06-09,jb009,3.16
100060,2015-06-08,jb009,3.14
100052,2015-06-07,jb009,3.18
100042,2015-06-06,jb009,3.22
100035,2015-06-05,jb009,3.14
100031,2015-06-04,jb009,2.8
100023,2015-06-03,jb009,2.78
100019,2015-06-02,jb009,2.76
100006,2015-06-01,jb009,2.28
100005,2015-05-31,jb009,2.08
99994,2015-05-30,jb009,2.04
99990,2015-05-29,jb009,1.98
99981,2015-05-28,jb009,2.02
99975,2015-05-27,jb009,2.04
99970,2015-05-26,jb009,2.24
99962,2015-05-25,jb009,2.28
99953,2015-05-24,jb009,2.42
99948,2015-05-23,jb009,2.62
99938,2015-05-22,jb009,2.24
99931,2015-05-21,jb009,2.82
99923,2015-05-20,jb009,2.64
99920,2015-05-19,jb009,2.72
99908,2015-05-18,jb009,2.68
99901,2015-05-17,jb009,2.54
99899,2015-05-16,jb009,2.62
99891,2015-05-15,jb009,2.48
99882,2015-05-14,jb009,2.5
99878,2015-05-13,jb009,2.74
99866,2015-05-12,jb009,2.62
99865,2015-05-11,jb009,2.52
99855,2015-05-10,jb009,2.76
99851,2015-05-09,jb009,2.74
99840,2015-05-08,jb009,2.56
99835,2015-05-07,jb009,2.4
99824,2015-05-06,jb009,2.42
99822,2015-05-05,jb009,2.5
99810,2015-05-04,jb009,2.34
99806,2015-05-03,jb009,2.32
99796,2015-05-02,jb009,2.3
99793,2015-05-01,jb009,2.14
99782,2015-04-30,jb009,2.0
99781,2015-04-29,jb009,1.82
99769,2015-04-28,jb009,2.28
99761,2015-04-27,jb009,1.9
99758,2015-04-26,jb009,2.02
99749,2015-04-25,jb009,1.92
99745,2015-04-24,jb009,1.68
99739,2015-04-23,jb009,1.5
99732,2015-04-22,jb009,1.4
99721,2015-04-21,jb009,1.5
99714,2015-04-20,jb009,1.4
99706,2015-04-19,jb009,1.5
99703,2015-04-18,jb009,1.5
99693,2015-04-17,jb009,1.5
99684,2015-04-16,jb009,2.02
99679,2015-04-15,jb009,1.4
99673,2015-04-14,jb009,1.5
99669,2015-04-13,jb009,1.3
99660,2015-04-12,jb009,1.5
99649,2015-04-11,jb009,1.68
99644,2015-04-10,jb009,1.4
99639,2015-04-09,jb009,1.1
99628,2015-04-08,jb009,1.1
99621,2015-04-07,jb009,1.1
99620,2015-04-06,jb009,1.1
99613,2015-04-05,jb009,1.1
99605,2015-04-04,jb009,1.2
99594,2015-04-03,jb009,1.1
99587,2015-04-02,jb009,1.1
99581,2015-04-01,jb009,1.2
99578,2015-03-31,jb009,1.2
99565,2015-03-30,jb009,1.4
99564,2015-03-29,jb009,1.62
99554,2015-03-28,jb009,1.4
99546,2015-03-27,jb009,1.5
99542,2015-03-26,jb009,1.5
99534,2015-03-25,jb009,
99527,2015-03-24,jb009,
99520,2015-03-23,jb009,
99515,2015-03-22,jb009,
99502,2015-03-21,jb009,
99500,2015-03-20,jb009,
99490,2015-03-19,jb009,
99481,2015-03-18,jb009,
99480,2015-03-17,jb009,
99468,2015-03-16,jb009,
99460,2015-03-15,jb009,
99455,2015-03-14,jb009,
99451,2015-03-13,jb009,
99443,2015-03-12,jb009,
99434,2015-03-11,jb009,
99430,2015-03-10,jb009,
99422,2015-03-09,jb009,
99417,2015-03-08,jb009,
99407,2015-03-07,jb009,
99402,2015-03-06,jb009,
99392,2015-03-05,jb009,
99386,2015-03-04,jb009,
99376,2015-03-03,jb009,
99369,2015-03-02,jb009,
99367,2015-03-01,jb009,
99356,2015-02-28,jb009,
99349,2015-02-27,jb009,
99341,2015-02-26,jb009,
99338,2015-02-25,jb009,
99327,2015-02-24,jb009,
99323,2015-02-23,jb009,
99314,2015-02-22,jb009,
99308,2015-02-21,jb009,
99300,2015-02-20,jb009,
99297,2015-02-19,jb009,
99286,2015-02-18,jb009,
99280,2015-02-17,jb009,
99277,2015-02-16,jb009,
99268,2015-02-15,jb009,
99261,2015-02-14,jb009,
99253,2015-02-13,jb009,
99245,2015-02-12,jb009,
99241,2015-02-11,jb009,
99235,2015-02-10,jb009,
99224,2015-02-09,jb009,
99216,2015-02-08,jb009,
99213,2015-02-07,jb009,
99206,2015-02-06,jb009,
99200,2015-02-05,jb009,
99190,2015-02-04,jb009,
99181,2015-02-03,jb009,
99177,2015-02-02,jb009,
99170,2015-02-01,jb009,
99162,2015-01-31,jb009,
99153,2015-01-30,jb009,
99145,2015-01-29,jb009,
99138,2015-01-28,jb009,
99135,2015-01-27,jb009,
99127,2015-01-26,jb009,
99117,2015-01-25,jb009,
99116,2015-01-24,jb009,
99105,2015-01-23,jb009,
99101,2015-01-22,jb009,
99090,2015-01-21,jb009,
99086,2015-01-20,jb009,
99077,2015-01-19,jb009,
99069,2015-01-18,jb009,
99063,2015-01-17,jb009,
99054,2015-01-16,jb009,
99052,2015-01-15,jb009,
99040,2015-01-14,jb009,
99035,2015-01-13,jb009,
99026,2015-01-12,jb009,
99024,2015-01-11,jb009,
99014,2015-01-10,jb009,
99009,2015-01-09,jb009,
98998,2015-01-08,jb009,
98993,2015-01-07,jb009,
98985,2015-01-06,jb009,
98977,2015-01-05,jb009,
98972,2015-01-04,jb009,
98964,2015-01-03,jb009,
98956,2015-01-02,jb009,
98955,2015-01-01,jb009,
